{
    "DataSetId": "8e73822b-a99d-44e6-be5f-151a77d35973",
    "Name": "aws_finops_overview",
    "PhysicalTableMap": {
      "a3ce3c8c-8653-449f-b733-123579da2690": {
        "RelationalTable": {
          "DataSourceArn": "${athena_datasource_arn}",
          "Catalog": "AwsDataCatalog",
          "Schema": "${athena_database_name}",
          "Name": "aws_finops_overview",
          "InputColumns": [
            {
              "Name": "linked_acct_id",
              "Type": "STRING"
            },
            {
              "Name": "product_code",
              "Type": "STRING"
            },
            {
              "Name": "charge_type",
              "Type": "STRING"
            },
            {
              "Name": "operation",
              "Type": "STRING"
            },
            {
              "Name": "product_family",
              "Type": "STRING"
            },
            {
              "Name": "instance_family",
              "Type": "STRING"
            },
            {
              "Name": "instance_type",
              "Type": "STRING"
            },
            {
              "Name": "storage_class",
              "Type": "STRING"
            },
            {
              "Name": "year",
              "Type": "STRING"
            },
            {
              "Name": "month",
              "Type": "STRING"
            },
            {
              "Name": "payer_acct_id",
              "Type": "STRING"
            },
            {
              "Name": "total_cost",
              "Type": "DECIMAL"
            },
            {
              "Name": "total_savings",
              "Type": "DECIMAL"
            },
            {
              "Name": "total_increased_cost",
              "Type": "DECIMAL"
            },
            {
              "Name": "total_cost_var",
              "Type": "DECIMAL"
            },
            {
              "Name": "period",
              "Type": "STRING"
            },
            {
              "Name": "mth_order",
              "Type": "STRING"
            }
          ]
        }
      }
    },
    "LogicalTableMap": {
      "a3ce3c8c-8653-449f-b733-123579da2690": {
        "Alias": "aws_finops_overview",
        "DataTransforms": [
          {
            "ProjectOperation": {
              "ProjectedColumns": [
                "linked_acct_id",
                "product_code",
                "charge_type",
                "operation",
                "product_family",
                "instance_family",
                "instance_type",
                "storage_class",
                "year",
                "month",
                "payer_acct_id",
                "total_cost",
                "total_savings",
                "total_increased_cost",
                "total_cost_var",
                "period",
                "mth_order"
              ]
            }
          }
        ],
        "Source": {
          "PhysicalTableId": "a3ce3c8c-8653-449f-b733-123579da2690"
        }
      }
    },
    "ImportMode": "SPICE",
    "Permissions": [
        {
          "Principal": "${user_arn}",
          "Actions": [
            "quicksight:UpdateDataSetPermissions",
            "quicksight:DescribeDataSet",
            "quicksight:DescribeDataSetPermissions",
            "quicksight:PassDataSet",
            "quicksight:DescribeIngestion",
            "quicksight:ListIngestions",
            "quicksight:UpdateDataSet",
            "quicksight:DeleteDataSet",
            "quicksight:CreateIngestion",
            "quicksight:CancelIngestion"
          ]
        }
    ]
}
