{
    "DataSetId": "52a6d968-8031-4d84-acaa-64a5a3b16439",
    "Name": "aws_sustainability_overview",
    "PhysicalTableMap": {
      "455ef712-69ae-4656-8dc2-59095a2f6f12": {
        "RelationalTable": {
          "DataSourceArn": "${athena_datasource_arn}",
          "Catalog": "AwsDataCatalog",
          "Schema": "${athena_database_name}",
          "Name": "aws_sustainability_overview",
          "InputColumns": [
            {
              "Name": "mth0_bill_payer_account_id",
              "Type": "STRING"
            },
            {
              "Name": "mth0_linked_acct_id",
              "Type": "STRING"
            },
            {
              "Name": "mth0_prod_code",
              "Type": "STRING"
            },
            {
              "Name": "mth0_region",
              "Type": "STRING"
            },
            {
              "Name": "mth0_servicecode",
              "Type": "STRING"
            },
            {
              "Name": "mth0_operation",
              "Type": "STRING"
            },
            {
              "Name": "mth0_usage_type",
              "Type": "STRING"
            },
            {
              "Name": "mth0_charge_type",
              "Type": "STRING"
            },
            {
              "Name": "mth0_pricing_term",
              "Type": "STRING"
            },
            {
              "Name": "mth0_clock_speed",
              "Type": "STRING"
            },
            {
              "Name": "mth0_inst_family",
              "Type": "STRING"
            },
            {
              "Name": "mth0_instance",
              "Type": "STRING"
            },
            {
              "Name": "mth0_instance_type_family",
              "Type": "STRING"
            },
            {
              "Name": "mth0_vcpu_count",
              "Type": "INTEGER"
            },
            {
              "Name": "mth0_year",
              "Type": "STRING"
            },
            {
              "Name": "mth0_month",
              "Type": "STRING"
            },
            {
              "Name": "mth0_instance_id",
              "Type": "STRING"
            },
            {
              "Name": "mth0_instance_family",
              "Type": "STRING"
            },
            {
              "Name": "mth0_r_points",
              "Type": "INTEGER"
            },
            {
              "Name": "mth0_instance_points",
              "Type": "INTEGER"
            },
            {
              "Name": "cur_mth_instance_hrs",
              "Type": "DECIMAL"
            },
            {
              "Name": "cur_mth_od_cost",
              "Type": "DECIMAL"
            },
            {
              "Name": "cur_mth_sp_cost",
              "Type": "DECIMAL"
            },
            {
              "Name": "cur_mth_vcpu_hours",
              "Type": "DECIMAL"
            },
            {
              "Name": "cur_mth_spot_vcpu_hours",
              "Type": "DECIMAL"
            },
            {
              "Name": "total_sus_pts",
              "Type": "DECIMAL"
            },
            {
              "Name": "total_instance_cost",
              "Type": "DECIMAL"
            },
            {
              "Name": "cur_mth_cost_per_sus_point",
              "Type": "DECIMAL"
            },
            {
              "Name": "od_savings",
              "Type": "DECIMAL"
            },
            {
              "Name": "od_inc_cost",
              "Type": "DECIMAL"
            },
            {
              "Name": "sp_savings",
              "Type": "DECIMAL"
            },
            {
              "Name": "sp_inc_cost",
              "Type": "DECIMAL"
            },
            {
              "Name": "inc_vcpu_hours",
              "Type": "DECIMAL"
            },
            {
              "Name": "savings_vcpu_hours",
              "Type": "DECIMAL"
            },
            {
              "Name": "inc_spot_vcpu_hours",
              "Type": "DECIMAL"
            },
            {
              "Name": "savings_spot_vcpu_hours",
              "Type": "DECIMAL"
            },
            {
              "Name": "inc_ec2_sustainability_points",
              "Type": "DECIMAL"
            },
            {
              "Name": "total_reduction_sus_pts",
              "Type": "DECIMAL"
            },
            {
              "Name": "inc_instance_cost",
              "Type": "DECIMAL"
            },
            {
              "Name": "total_ec2_savings",
              "Type": "DECIMAL"
            },
            {
              "Name": "inc_cost_per_sus_point",
              "Type": "DECIMAL"
            },
            {
              "Name": "savings_cost_per_sus_point",
              "Type": "DECIMAL"
            },
            {
              "Name": "period",
              "Type": "STRING"
            },
            {
              "Name": "mth_order",
              "Type": "STRING"
            }
          ]
        }
      }
    },
    "LogicalTableMap": {
      "455ef712-69ae-4656-8dc2-59095a2f6f12": {
        "Alias": "aws_sustainability_overview",
        "DataTransforms": [
          {
            "TagColumnOperation": {
              "ColumnName": "mth0_region",
              "Tags": [
                {
                  "ColumnGeographicRole": "STATE"
                }
              ]
            }
          },
          {
            "ProjectOperation": {
              "ProjectedColumns": [
                "mth0_bill_payer_account_id",
                "mth0_linked_acct_id",
                "mth0_prod_code",
                "mth0_region",
                "mth0_servicecode",
                "mth0_operation",
                "mth0_usage_type",
                "mth0_charge_type",
                "mth0_pricing_term",
                "mth0_clock_speed",
                "mth0_inst_family",
                "mth0_instance",
                "mth0_instance_type_family",
                "mth0_vcpu_count",
                "mth0_year",
                "mth0_month",
                "mth0_instance_id",
                "mth0_instance_family",
                "mth0_r_points",
                "mth0_instance_points",
                "cur_mth_instance_hrs",
                "cur_mth_od_cost",
                "cur_mth_sp_cost",
                "cur_mth_vcpu_hours",
                "cur_mth_spot_vcpu_hours",
                "total_sus_pts",
                "total_instance_cost",
                "cur_mth_cost_per_sus_point",
                "od_savings",
                "od_inc_cost",
                "sp_savings",
                "sp_inc_cost",
                "inc_vcpu_hours",
                "savings_vcpu_hours",
                "inc_spot_vcpu_hours",
                "savings_spot_vcpu_hours",
                "inc_ec2_sustainability_points",
                "total_reduction_sus_pts",
                "inc_instance_cost",
                "total_ec2_savings",
                "inc_cost_per_sus_point",
                "savings_cost_per_sus_point",
                "period",
                "mth_order"
              ]
            }
          }
        ],
        "Source": {
          "PhysicalTableId": "455ef712-69ae-4656-8dc2-59095a2f6f12"
        }
      }
    },
    "ImportMode": "SPICE",
    "Permissions": [
        {
          "Principal": "${user_arn}",
          "Actions": [
            "quicksight:UpdateDataSetPermissions",
            "quicksight:DescribeDataSet",
            "quicksight:DescribeDataSetPermissions",
            "quicksight:PassDataSet",
            "quicksight:DescribeIngestion",
            "quicksight:ListIngestions",
            "quicksight:UpdateDataSet",
            "quicksight:DeleteDataSet",
            "quicksight:CreateIngestion",
            "quicksight:CancelIngestion"
          ]
        }
    ]
}