{
    "DataSetId": "fc7281fb-ec59-48bd-801d-0d7b1cda29a7",
    "Name": "aws_top_10_s3_overview",
    "PhysicalTableMap": {
      "a33e0c70-893a-4530-97e4-245784d6485d": {
        "RelationalTable": {
          "DataSourceArn": "${athena_datasource_arn}",
          "Catalog": "AwsDataCatalog",
          "Schema": "${athena_database_name}",
          "Name": "aws_top_10_s3_overview",
          "InputColumns": [
            {
              "Name": "bill_payer_account_id",
              "Type": "STRING"
            },
            {
              "Name": "linked_acct_id",
              "Type": "STRING"
            },
            {
              "Name": "prod_code",
              "Type": "STRING"
            },
            {
              "Name": "region",
              "Type": "STRING"
            },
            {
              "Name": "description",
              "Type": "STRING"
            },
            {
              "Name": "unblended_rate",
              "Type": "STRING"
            },
            {
              "Name": "storage_class",
              "Type": "STRING"
            },
            {
              "Name": "servicecode",
              "Type": "STRING"
            },
            {
              "Name": "operation",
              "Type": "STRING"
            },
            {
              "Name": "usage_type",
              "Type": "STRING"
            },
            {
              "Name": "charge_type",
              "Type": "STRING"
            },
            {
              "Name": "year",
              "Type": "STRING"
            },
            {
              "Name": "month",
              "Type": "STRING"
            },
            {
              "Name": "period",
              "Type": "STRING"
            },
            {
              "Name": "mth_order",
              "Type": "STRING"
            },
            {
              "Name": "bucket_id",
              "Type": "STRING"
            },
            {
              "Name": "usage",
              "Type": "DECIMAL"
            },
            {
              "Name": "bucket_cost",
              "Type": "DECIMAL"
            },
            {
              "Name": "line_item_usage_account_id",
              "Type": "STRING"
            }
          ]
        }
      }
    },
    "LogicalTableMap": {
      "a33e0c70-893a-4530-97e4-245784d6485d": {
        "Alias": "aws_top_10_s3_overview",
        "DataTransforms": [
          {
            "TagColumnOperation": {
              "ColumnName": "region",
              "Tags": [
                {
                  "ColumnGeographicRole": "STATE"
                }
              ]
            }
          },
          {
            "ProjectOperation": {
              "ProjectedColumns": [
                "bill_payer_account_id",
                "linked_acct_id",
                "prod_code",
                "region",
                "description",
                "unblended_rate",
                "storage_class",
                "servicecode",
                "operation",
                "usage_type",
                "charge_type",
                "year",
                "month",
                "period",
                "mth_order",
                "bucket_id",
                "usage",
                "bucket_cost",
                "line_item_usage_account_id"
              ]
            }
          }
        ],
        "Source": {
          "PhysicalTableId": "a33e0c70-893a-4530-97e4-245784d6485d"
        }
      }
    },
    "ImportMode": "SPICE",
    "Permissions": [
        {
          "Principal": "${user_arn}",
          "Actions": [
            "quicksight:UpdateDataSetPermissions",
            "quicksight:DescribeDataSet",
            "quicksight:DescribeDataSetPermissions",
            "quicksight:PassDataSet",
            "quicksight:DescribeIngestion",
            "quicksight:ListIngestions",
            "quicksight:UpdateDataSet",
            "quicksight:DeleteDataSet",
            "quicksight:CreateIngestion",
            "quicksight:CancelIngestion"
          ]
        }
    ]
}