{
    "DataSetId": "e102cb5b-2cb6-45c0-8cd2-a5cbc501b70c",
    "Name": "join_mth_6_mth_7",
    "PhysicalTableMap": {
      "08f91862-5bd4-469d-802f-49f26e097410": {
        "RelationalTable": {
          "DataSourceArn": "${athena_datasource_arn}",
          "Catalog": "AwsDataCatalog",
          "Schema": "${athena_database_name}",
          "Name": "join_mth_6_mth_7",
          "InputColumns": [
            {
              "Name": "mth6_bill_payer_account_id",
              "Type": "STRING"
            },
            {
              "Name": "mth6_linked_acct_id",
              "Type": "STRING"
            },
            {
              "Name": "mth6_prod_code",
              "Type": "STRING"
            },
            {
              "Name": "mth6_resource_id",
              "Type": "STRING"
            },
            {
              "Name": "mth6_description",
              "Type": "STRING"
            },
            {
              "Name": "mth6_charge_type",
              "Type": "STRING"
            },
            {
              "Name": "mth6_operation",
              "Type": "STRING"
            },
            {
              "Name": "mth6_unblended_rate",
              "Type": "DECIMAL"
            },
            {
              "Name": "mth6_instance",
              "Type": "STRING"
            },
            {
              "Name": "mth6_prod_family",
              "Type": "STRING"
            },
            {
              "Name": "mth6_instance_family",
              "Type": "STRING"
            },
            {
              "Name": "mth6_instance_type",
              "Type": "STRING"
            },
            {
              "Name": "mth6_instance_type_family",
              "Type": "STRING"
            },
            {
              "Name": "mth6_tenancy",
              "Type": "STRING"
            },
            {
              "Name": "mth6_region",
              "Type": "STRING"
            },
            {
              "Name": "mth6_location_type",
              "Type": "STRING"
            },
            {
              "Name": "mth6_operating_system",
              "Type": "STRING"
            },
            {
              "Name": "mth6_sp_arn",
              "Type": "STRING"
            },
            {
              "Name": "mth6_sp_rate",
              "Type": "INTEGER"
            },
            {
              "Name": "mth6_storage_class",
              "Type": "STRING"
            },
            {
              "Name": "mth6_year",
              "Type": "STRING"
            },
            {
              "Name": "mth6_month",
              "Type": "STRING"
            },
            {
              "Name": "mth6_payer",
              "Type": "STRING"
            },
            {
              "Name": "join_6_7_payer",
              "Type": "STRING"
            },
            {
              "Name": "join_6_7_linked_acct_id",
              "Type": "STRING"
            },
            {
              "Name": "join_6_7_prod_code",
              "Type": "STRING"
            },
            {
              "Name": "join_6_7_resource_id",
              "Type": "STRING"
            },
            {
              "Name": "join_6_7_charge_type",
              "Type": "STRING"
            },
            {
              "Name": "join_6_7_operation",
              "Type": "STRING"
            },
            {
              "Name": "join_6_7_prod_family",
              "Type": "STRING"
            },
            {
              "Name": "join_6_7_inst_family",
              "Type": "STRING"
            },
            {
              "Name": "join_6_7_inst_type",
              "Type": "STRING"
            },
            {
              "Name": "join_6_7_tenancy",
              "Type": "STRING"
            },
            {
              "Name": "join_6_7_region",
              "Type": "STRING"
            },
            {
              "Name": "join_6_7_op_system",
              "Type": "STRING"
            },
            {
              "Name": "join_6_7_sp_arn",
              "Type": "STRING"
            },
            {
              "Name": "join_6_7_storage_class",
              "Type": "STRING"
            },
            {
              "Name": "mth7_bill_payer_account_id",
              "Type": "STRING"
            },
            {
              "Name": "mth7_linked_acct_id",
              "Type": "STRING"
            },
            {
              "Name": "mth7_prod_code",
              "Type": "STRING"
            },
            {
              "Name": "mth7_resource_id",
              "Type": "STRING"
            },
            {
              "Name": "mth7_description",
              "Type": "STRING"
            },
            {
              "Name": "mth7_charge_type",
              "Type": "STRING"
            },
            {
              "Name": "mth7_operation",
              "Type": "STRING"
            },
            {
              "Name": "mth7_unblended_rate",
              "Type": "DECIMAL"
            },
            {
              "Name": "mth7_instance",
              "Type": "STRING"
            },
            {
              "Name": "mth7_prod_family",
              "Type": "STRING"
            },
            {
              "Name": "mth7_instance_family",
              "Type": "STRING"
            },
            {
              "Name": "mth7_instance_type",
              "Type": "STRING"
            },
            {
              "Name": "mth7_instance_type_family",
              "Type": "STRING"
            },
            {
              "Name": "mth7_tenancy",
              "Type": "STRING"
            },
            {
              "Name": "mth7_region",
              "Type": "STRING"
            },
            {
              "Name": "mth7_location_type",
              "Type": "STRING"
            },
            {
              "Name": "mth7_operating_system",
              "Type": "STRING"
            },
            {
              "Name": "mth7_sp_arn",
              "Type": "STRING"
            },
            {
              "Name": "mth7_sp_rate",
              "Type": "INTEGER"
            },
            {
              "Name": "mth7_storage_class",
              "Type": "STRING"
            },
            {
              "Name": "mth7_year",
              "Type": "STRING"
            },
            {
              "Name": "mth7_month",
              "Type": "STRING"
            },
            {
              "Name": "mth7_payer",
              "Type": "STRING"
            },
            {
              "Name": "cur_mth_cost",
              "Type": "DECIMAL"
            },
            {
              "Name": "cur_mth_usg",
              "Type": "DECIMAL"
            },
            {
              "Name": "prev_mth_cost",
              "Type": "DECIMAL"
            },
            {
              "Name": "prev_mth_usg",
              "Type": "DECIMAL"
            },
            {
              "Name": "cost_var",
              "Type": "DECIMAL"
            },
            {
              "Name": "usg_var",
              "Type": "DECIMAL"
            },
            {
              "Name": "savings",
              "Type": "DECIMAL"
            },
            {
              "Name": "inc_cost",
              "Type": "DECIMAL"
            }
          ]
        }
      }
    },
    "LogicalTableMap": {
      "08f91862-5bd4-469d-802f-49f26e097410": {
        "Alias": "join_mth_6_mth_7",
        "DataTransforms": [
          {
            "TagColumnOperation": {
              "ColumnName": "mth6_region",
              "Tags": [
                {
                  "ColumnGeographicRole": "STATE"
                }
              ]
            }
          },
          {
            "TagColumnOperation": {
              "ColumnName": "mth7_region",
              "Tags": [
                {
                  "ColumnGeographicRole": "STATE"
                }
              ]
            }
          },
          {
            "ProjectOperation": {
              "ProjectedColumns": [
                "mth6_bill_payer_account_id",
                "mth6_linked_acct_id",
                "mth6_prod_code",
                "mth6_resource_id",
                "mth6_description",
                "mth6_charge_type",
                "mth6_operation",
                "mth6_unblended_rate",
                "mth6_instance",
                "mth6_prod_family",
                "mth6_instance_family",
                "mth6_instance_type",
                "mth6_instance_type_family",
                "mth6_tenancy",
                "mth6_region",
                "mth6_location_type",
                "mth6_operating_system",
                "mth6_sp_arn",
                "mth6_sp_rate",
                "mth6_storage_class",
                "mth6_year",
                "mth6_month",
                "mth6_payer",
                "join_6_7_payer",
                "join_6_7_linked_acct_id",
                "join_6_7_prod_code",
                "join_6_7_resource_id",
                "join_6_7_charge_type",
                "join_6_7_operation",
                "join_6_7_prod_family",
                "join_6_7_inst_family",
                "join_6_7_inst_type",
                "join_6_7_tenancy",
                "join_6_7_region",
                "join_6_7_op_system",
                "join_6_7_sp_arn",
                "join_6_7_storage_class",
                "mth7_bill_payer_account_id",
                "mth7_linked_acct_id",
                "mth7_prod_code",
                "mth7_resource_id",
                "mth7_description",
                "mth7_charge_type",
                "mth7_operation",
                "mth7_unblended_rate",
                "mth7_instance",
                "mth7_prod_family",
                "mth7_instance_family",
                "mth7_instance_type",
                "mth7_instance_type_family",
                "mth7_tenancy",
                "mth7_region",
                "mth7_location_type",
                "mth7_operating_system",
                "mth7_sp_arn",
                "mth7_sp_rate",
                "mth7_storage_class",
                "mth7_year",
                "mth7_month",
                "mth7_payer",
                "cur_mth_cost",
                "cur_mth_usg",
                "prev_mth_cost",
                "prev_mth_usg",
                "cost_var",
                "usg_var",
                "savings",
                "inc_cost"
              ]
            }
          }
        ],
        "Source": {
          "PhysicalTableId": "08f91862-5bd4-469d-802f-49f26e097410"
        }
      }
    },
    "ImportMode": "SPICE",
    "Permissions": [
        {
          "Principal": "${user_arn}",
          "Actions": [
            "quicksight:UpdateDataSetPermissions",
            "quicksight:DescribeDataSet",
            "quicksight:DescribeDataSetPermissions",
            "quicksight:PassDataSet",
            "quicksight:DescribeIngestion",
            "quicksight:ListIngestions",
            "quicksight:UpdateDataSet",
            "quicksight:DeleteDataSet",
            "quicksight:CreateIngestion",
            "quicksight:CancelIngestion"
          ]
        }
    ]
}