{
    "DataSetId": "f0b21f41-3505-487c-948e-12fdf968cd0a",
    "Name": "join_mth_9_mth_10",
    "PhysicalTableMap": {
      "f169abf6-c11d-451c-9d58-cd441cf1c820": {
        "RelationalTable": {
          "DataSourceArn": "${athena_datasource_arn}",
          "Catalog": "AwsDataCatalog",
          "Schema": "${athena_database_name}",
          "Name": "join_mth_9_mth_10",
          "InputColumns": [
            {
              "Name": "mth9_bill_payer_account_id",
              "Type": "STRING"
            },
            {
              "Name": "mth9_linked_acct_id",
              "Type": "STRING"
            },
            {
              "Name": "mth9_prod_code",
              "Type": "STRING"
            },
            {
              "Name": "mth9_resource_id",
              "Type": "STRING"
            },
            {
              "Name": "mth9_description",
              "Type": "STRING"
            },
            {
              "Name": "mth9_charge_type",
              "Type": "STRING"
            },
            {
              "Name": "mth9_operation",
              "Type": "STRING"
            },
            {
              "Name": "mth9_unblended_rate",
              "Type": "STRING"
            },
            {
              "Name": "mth9_instance",
              "Type": "STRING"
            },
            {
              "Name": "mth9_prod_family",
              "Type": "STRING"
            },
            {
              "Name": "mth9_instance_family",
              "Type": "STRING"
            },
            {
              "Name": "mth9_instance_type",
              "Type": "STRING"
            },
            {
              "Name": "mth9_instance_type_family",
              "Type": "STRING"
            },
            {
              "Name": "mth9_tenancy",
              "Type": "STRING"
            },
            {
              "Name": "mth9_region",
              "Type": "STRING"
            },
            {
              "Name": "mth9_location_type",
              "Type": "STRING"
            },
            {
              "Name": "mth9_operating_system",
              "Type": "STRING"
            },
            {
              "Name": "mth9_sp_arn",
              "Type": "STRING"
            },
            {
              "Name": "mth9_sp_rate",
              "Type": "INTEGER"
            },
            {
              "Name": "mth9_storage_class",
              "Type": "STRING"
            },
            {
              "Name": "mth9_year",
              "Type": "STRING"
            },
            {
              "Name": "mth9_month",
              "Type": "STRING"
            },
            {
              "Name": "mth9_payer",
              "Type": "STRING"
            },
            {
              "Name": "join_9_10_payer",
              "Type": "STRING"
            },
            {
              "Name": "join_9_10_linked_acct_id",
              "Type": "STRING"
            },
            {
              "Name": "join_9_10_prod_code",
              "Type": "STRING"
            },
            {
              "Name": "join_9_10_resource_id",
              "Type": "STRING"
            },
            {
              "Name": "join_9_10_charge_type",
              "Type": "STRING"
            },
            {
              "Name": "join_9_10_operation",
              "Type": "STRING"
            },
            {
              "Name": "join_9_10_prod_family",
              "Type": "STRING"
            },
            {
              "Name": "join_9_10_inst_family",
              "Type": "STRING"
            },
            {
              "Name": "join_9_10_inst_type",
              "Type": "STRING"
            },
            {
              "Name": "join_9_10_tenancy",
              "Type": "STRING"
            },
            {
              "Name": "join_9_10_region",
              "Type": "STRING"
            },
            {
              "Name": "join_9_10_op_system",
              "Type": "STRING"
            },
            {
              "Name": "join_9_10_sp_arn",
              "Type": "STRING"
            },
            {
              "Name": "join_9_10_storage_class",
              "Type": "STRING"
            },
            {
              "Name": "mth10_bill_payer_account_id",
              "Type": "STRING"
            },
            {
              "Name": "mth10_linked_acct_id",
              "Type": "STRING"
            },
            {
              "Name": "mth10_prod_code",
              "Type": "STRING"
            },
            {
              "Name": "mth10_resource_id",
              "Type": "STRING"
            },
            {
              "Name": "mth10_description",
              "Type": "STRING"
            },
            {
              "Name": "mth10_charge_type",
              "Type": "STRING"
            },
            {
              "Name": "mth10_operation",
              "Type": "STRING"
            },
            {
              "Name": "mth10_unblended_rate",
              "Type": "STRING"
            },
            {
              "Name": "mth10_instance",
              "Type": "STRING"
            },
            {
              "Name": "mth10_prod_family",
              "Type": "STRING"
            },
            {
              "Name": "mth10_instance_family",
              "Type": "STRING"
            },
            {
              "Name": "mth10_instance_type",
              "Type": "STRING"
            },
            {
              "Name": "mth10_instance_type_family",
              "Type": "STRING"
            },
            {
              "Name": "mth10_tenancy",
              "Type": "STRING"
            },
            {
              "Name": "mth10_region",
              "Type": "STRING"
            },
            {
              "Name": "mth10_location_type",
              "Type": "STRING"
            },
            {
              "Name": "mth10_operating_system",
              "Type": "STRING"
            },
            {
              "Name": "mth10_sp_arn",
              "Type": "STRING"
            },
            {
              "Name": "mth10_sp_rate",
              "Type": "INTEGER"
            },
            {
              "Name": "mth10_storage_class",
              "Type": "STRING"
            },
            {
              "Name": "mth10_year",
              "Type": "STRING"
            },
            {
              "Name": "mth10_month",
              "Type": "STRING"
            },
            {
              "Name": "mth10_payer",
              "Type": "STRING"
            },
            {
              "Name": "cur_mth_cost",
              "Type": "DECIMAL"
            },
            {
              "Name": "cur_mth_usg",
              "Type": "DECIMAL"
            },
            {
              "Name": "prev_mth_cost",
              "Type": "DECIMAL"
            },
            {
              "Name": "prev_mth_usg",
              "Type": "DECIMAL"
            },
            {
              "Name": "cost_var",
              "Type": "DECIMAL"
            },
            {
              "Name": "usg_var",
              "Type": "DECIMAL"
            },
            {
              "Name": "savings",
              "Type": "DECIMAL"
            },
            {
              "Name": "inc_cost",
              "Type": "DECIMAL"
            }
          ]
        }
      }
    },
    "LogicalTableMap": {
      "f169abf6-c11d-451c-9d58-cd441cf1c820": {
        "Alias": "join_mth_9_mth_10",
        "DataTransforms": [
          {
            "TagColumnOperation": {
              "ColumnName": "mth9_region",
              "Tags": [
                {
                  "ColumnGeographicRole": "STATE"
                }
              ]
            }
          },
          {
            "TagColumnOperation": {
              "ColumnName": "mth10_region",
              "Tags": [
                {
                  "ColumnGeographicRole": "STATE"
                }
              ]
            }
          },
          {
            "ProjectOperation": {
              "ProjectedColumns": [
                "mth9_bill_payer_account_id",
                "mth9_linked_acct_id",
                "mth9_prod_code",
                "mth9_resource_id",
                "mth9_description",
                "mth9_charge_type",
                "mth9_operation",
                "mth9_unblended_rate",
                "mth9_instance",
                "mth9_prod_family",
                "mth9_instance_family",
                "mth9_instance_type",
                "mth9_instance_type_family",
                "mth9_tenancy",
                "mth9_region",
                "mth9_location_type",
                "mth9_operating_system",
                "mth9_sp_arn",
                "mth9_sp_rate",
                "mth9_storage_class",
                "mth9_year",
                "mth9_month",
                "mth9_payer",
                "join_9_10_payer",
                "join_9_10_linked_acct_id",
                "join_9_10_prod_code",
                "join_9_10_resource_id",
                "join_9_10_charge_type",
                "join_9_10_operation",
                "join_9_10_prod_family",
                "join_9_10_inst_family",
                "join_9_10_inst_type",
                "join_9_10_tenancy",
                "join_9_10_region",
                "join_9_10_op_system",
                "join_9_10_sp_arn",
                "join_9_10_storage_class",
                "mth10_bill_payer_account_id",
                "mth10_linked_acct_id",
                "mth10_prod_code",
                "mth10_resource_id",
                "mth10_description",
                "mth10_charge_type",
                "mth10_operation",
                "mth10_unblended_rate",
                "mth10_instance",
                "mth10_prod_family",
                "mth10_instance_family",
                "mth10_instance_type",
                "mth10_instance_type_family",
                "mth10_tenancy",
                "mth10_region",
                "mth10_location_type",
                "mth10_operating_system",
                "mth10_sp_arn",
                "mth10_sp_rate",
                "mth10_storage_class",
                "mth10_year",
                "mth10_month",
                "mth10_payer",
                "cur_mth_cost",
                "cur_mth_usg",
                "prev_mth_cost",
                "prev_mth_usg",
                "cost_var",
                "usg_var",
                "savings",
                "inc_cost"
              ]
            }
          }
        ],
        "Source": {
          "PhysicalTableId": "f169abf6-c11d-451c-9d58-cd441cf1c820"
        }
      }
    },
    "ImportMode": "SPICE",
    "Permissions": [
        {
          "Principal": "${user_arn}",
          "Actions": [
            "quicksight:UpdateDataSetPermissions",
            "quicksight:DescribeDataSet",
            "quicksight:DescribeDataSetPermissions",
            "quicksight:PassDataSet",
            "quicksight:DescribeIngestion",
            "quicksight:ListIngestions",
            "quicksight:UpdateDataSet",
            "quicksight:DeleteDataSet",
            "quicksight:CreateIngestion",
            "quicksight:CancelIngestion"
          ]
        }
    ]
}