{
    "DataSetId": "940cdf41-37b4-4720-92dc-4267e2cd3015",
    "Name": "join_mth_7_mth_8_vcpu_hours",
    "PhysicalTableMap": {
      "4ee6fa20-8531-40ae-b94b-3d335b552e1c": {
        "RelationalTable": {
          "DataSourceArn": "${athena_datasource_arn}",
          "Catalog": "AwsDataCatalog",
          "Schema": "${athena_database_name}",
          "Name": "join_mth_7_mth_8_vcpu_hours",
          "InputColumns": [
            {
              "Name": "mth7_bill_payer_account_id",
              "Type": "STRING"
            },
            {
              "Name": "mth7_linked_acct_id",
              "Type": "STRING"
            },
            {
              "Name": "mth7_prod_code",
              "Type": "STRING"
            },
            {
              "Name": "mth7_region",
              "Type": "STRING"
            },
            {
              "Name": "mth7_servicecode",
              "Type": "STRING"
            },
            {
              "Name": "mth7_operation",
              "Type": "STRING"
            },
            {
              "Name": "mth7_usage_type",
              "Type": "STRING"
            },
            {
              "Name": "mth7_charge_type",
              "Type": "STRING"
            },
            {
              "Name": "mth7_pricing_term",
              "Type": "STRING"
            },
            {
              "Name": "mth7_clock_speed",
              "Type": "STRING"
            },
            {
              "Name": "mth7_inst_family",
              "Type": "STRING"
            },
            {
              "Name": "mth7_instance",
              "Type": "STRING"
            },
            {
              "Name": "mth7_instance_type_family",
              "Type": "STRING"
            },
            {
              "Name": "mth7_vcpu_count",
              "Type": "INTEGER"
            },
            {
              "Name": "mth7_year",
              "Type": "STRING"
            },
            {
              "Name": "mth7_month",
              "Type": "STRING"
            },
            {
              "Name": "mth7_instance_id",
              "Type": "STRING"
            },
            {
              "Name": "mth7_instance_family",
              "Type": "STRING"
            },
            {
              "Name": "mth7_r_points",
              "Type": "INTEGER"
            },
            {
              "Name": "mth7_instance_points",
              "Type": "INTEGER"
            },
            {
              "Name": "mth8_bill_payer_account_id",
              "Type": "STRING"
            },
            {
              "Name": "mth8_linked_acct_id",
              "Type": "STRING"
            },
            {
              "Name": "mth8_prod_code",
              "Type": "STRING"
            },
            {
              "Name": "mth8_region",
              "Type": "STRING"
            },
            {
              "Name": "mth8_servicecode",
              "Type": "STRING"
            },
            {
              "Name": "mth8_operation",
              "Type": "STRING"
            },
            {
              "Name": "mth8_usage_type",
              "Type": "STRING"
            },
            {
              "Name": "mth8_charge_type",
              "Type": "STRING"
            },
            {
              "Name": "mth8_pricing_term",
              "Type": "STRING"
            },
            {
              "Name": "mth8_clock_speed",
              "Type": "STRING"
            },
            {
              "Name": "mth8_inst_family",
              "Type": "STRING"
            },
            {
              "Name": "mth8_instance",
              "Type": "STRING"
            },
            {
              "Name": "mth8_instance_type_family",
              "Type": "STRING"
            },
            {
              "Name": "mth8_vcpu_count",
              "Type": "INTEGER"
            },
            {
              "Name": "mth8_year",
              "Type": "STRING"
            },
            {
              "Name": "mth8_month",
              "Type": "STRING"
            },
            {
              "Name": "mth8_instance_id",
              "Type": "STRING"
            },
            {
              "Name": "mth8_instance_family",
              "Type": "STRING"
            },
            {
              "Name": "mth8_r_points",
              "Type": "INTEGER"
            },
            {
              "Name": "mth8_instance_points",
              "Type": "INTEGER"
            },
            {
              "Name": "cur_mth_instance_hrs",
              "Type": "DECIMAL"
            },
            {
              "Name": "cur_mth_od_cost",
              "Type": "DECIMAL"
            },
            {
              "Name": "cur_mth_sp_cost",
              "Type": "DECIMAL"
            },
            {
              "Name": "prev_mth_instance_hrs",
              "Type": "DECIMAL"
            },
            {
              "Name": "prev_mth_od_cost",
              "Type": "DECIMAL"
            },
            {
              "Name": "prev_mth_sp_cost",
              "Type": "DECIMAL"
            },
            {
              "Name": "instance_hrs_var",
              "Type": "DECIMAL"
            },
            {
              "Name": "od_cost_var",
              "Type": "DECIMAL"
            },
            {
              "Name": "sp_cost_var",
              "Type": "DECIMAL"
            },
            {
              "Name": "cur_mth_vcpu_hours",
              "Type": "DECIMAL"
            },
            {
              "Name": "cur_mth_spot_vcpu_hours",
              "Type": "DECIMAL"
            },
            {
              "Name": "cur_mth_ec2_sustainability_points",
              "Type": "DECIMAL"
            },
            {
              "Name": "cur_mth_instance_cost",
              "Type": "DECIMAL"
            },
            {
              "Name": "cur_mth_cost_per_sus_point",
              "Type": "DECIMAL"
            },
            {
              "Name": "prev_mth_vcpu_hours",
              "Type": "DECIMAL"
            },
            {
              "Name": "prev_mth_spot_vcpu_hours",
              "Type": "DECIMAL"
            },
            {
              "Name": "prev_mth_ec2_sustainability_points",
              "Type": "DECIMAL"
            },
            {
              "Name": "prev_mth_instance_cost",
              "Type": "DECIMAL"
            },
            {
              "Name": "prev_mth_cost_per_sus_point",
              "Type": "DECIMAL"
            },
            {
              "Name": "od_savings",
              "Type": "DECIMAL"
            },
            {
              "Name": "od_inc_cost",
              "Type": "DECIMAL"
            },
            {
              "Name": "sp_savings",
              "Type": "DECIMAL"
            },
            {
              "Name": "sp_inc_cost",
              "Type": "DECIMAL"
            },
            {
              "Name": "inc_vcpu_hours",
              "Type": "DECIMAL"
            },
            {
              "Name": "savings_vcpu_hours",
              "Type": "DECIMAL"
            },
            {
              "Name": "inc_spot_vcpu_hours",
              "Type": "DECIMAL"
            },
            {
              "Name": "savings_spot_vcpu_hours",
              "Type": "DECIMAL"
            },
            {
              "Name": "inc_ec2_sustainability_points",
              "Type": "DECIMAL"
            },
            {
              "Name": "savings_ec2_sustainability_points",
              "Type": "DECIMAL"
            },
            {
              "Name": "inc_instance_cost",
              "Type": "DECIMAL"
            },
            {
              "Name": "savings_instance_cost",
              "Type": "DECIMAL"
            },
            {
              "Name": "inc_cost_per_sus_point",
              "Type": "DECIMAL"
            },
            {
              "Name": "savings_cost_per_sus_point",
              "Type": "DECIMAL"
            }
          ]
        }
      }
    },
    "LogicalTableMap": {
      "4ee6fa20-8531-40ae-b94b-3d335b552e1c": {
        "Alias": "join_mth_7_mth_8_vcpu_hours",
        "DataTransforms": [
          {
            "TagColumnOperation": {
              "ColumnName": "mth7_region",
              "Tags": [
                {
                  "ColumnGeographicRole": "STATE"
                }
              ]
            }
          },
          {
            "TagColumnOperation": {
              "ColumnName": "mth8_region",
              "Tags": [
                {
                  "ColumnGeographicRole": "STATE"
                }
              ]
            }
          },
          {
            "ProjectOperation": {
              "ProjectedColumns": [
                "mth7_bill_payer_account_id",
                "mth7_linked_acct_id",
                "mth7_prod_code",
                "mth7_region",
                "mth7_servicecode",
                "mth7_operation",
                "mth7_usage_type",
                "mth7_charge_type",
                "mth7_pricing_term",
                "mth7_clock_speed",
                "mth7_inst_family",
                "mth7_instance",
                "mth7_instance_type_family",
                "mth7_vcpu_count",
                "mth7_year",
                "mth7_month",
                "mth7_instance_id",
                "mth7_instance_family",
                "mth7_r_points",
                "mth7_instance_points",
                "mth8_bill_payer_account_id",
                "mth8_linked_acct_id",
                "mth8_prod_code",
                "mth8_region",
                "mth8_servicecode",
                "mth8_operation",
                "mth8_usage_type",
                "mth8_charge_type",
                "mth8_pricing_term",
                "mth8_clock_speed",
                "mth8_inst_family",
                "mth8_instance",
                "mth8_instance_type_family",
                "mth8_vcpu_count",
                "mth8_year",
                "mth8_month",
                "mth8_instance_id",
                "mth8_instance_family",
                "mth8_r_points",
                "mth8_instance_points",
                "cur_mth_instance_hrs",
                "cur_mth_od_cost",
                "cur_mth_sp_cost",
                "prev_mth_instance_hrs",
                "prev_mth_od_cost",
                "prev_mth_sp_cost",
                "instance_hrs_var",
                "od_cost_var",
                "sp_cost_var",
                "cur_mth_vcpu_hours",
                "cur_mth_spot_vcpu_hours",
                "cur_mth_ec2_sustainability_points",
                "cur_mth_instance_cost",
                "cur_mth_cost_per_sus_point",
                "prev_mth_vcpu_hours",
                "prev_mth_spot_vcpu_hours",
                "prev_mth_ec2_sustainability_points",
                "prev_mth_instance_cost",
                "prev_mth_cost_per_sus_point",
                "od_savings",
                "od_inc_cost",
                "sp_savings",
                "sp_inc_cost",
                "inc_vcpu_hours",
                "savings_vcpu_hours",
                "inc_spot_vcpu_hours",
                "savings_spot_vcpu_hours",
                "inc_ec2_sustainability_points",
                "savings_ec2_sustainability_points",
                "inc_instance_cost",
                "savings_instance_cost",
                "inc_cost_per_sus_point",
                "savings_cost_per_sus_point"
              ]
            }
          }
        ],
        "Source": {
          "PhysicalTableId": "4ee6fa20-8531-40ae-b94b-3d335b552e1c"
        }
      }
    },
    "ImportMode": "SPICE",
    "Permissions": [
        {
          "Principal": "${user_arn}",
          "Actions": [
            "quicksight:UpdateDataSetPermissions",
            "quicksight:DescribeDataSet",
            "quicksight:DescribeDataSetPermissions",
            "quicksight:PassDataSet",
            "quicksight:DescribeIngestion",
            "quicksight:ListIngestions",
            "quicksight:UpdateDataSet",
            "quicksight:DeleteDataSet",
            "quicksight:CreateIngestion",
            "quicksight:CancelIngestion"
          ]
        }
    ]
}