{
    "DataSetId": "ca20a24d-f2e4-46fd-9598-1e3d5488aff4",
    "Name": "join_mth_10_mth_11_vcpu_hours",
    "PhysicalTableMap": {
      "c62080e8-90cf-4c20-986d-91a18e385cbe": {
        "RelationalTable": {
          "DataSourceArn": "${athena_datasource_arn}",
          "Catalog": "AwsDataCatalog",
          "Schema": "${athena_database_name}",
          "Name": "join_mth_10_mth_11_vcpu_hours",
          "InputColumns": [
            {
              "Name": "mth10_bill_payer_account_id",
              "Type": "STRING"
            },
            {
              "Name": "mth10_linked_acct_id",
              "Type": "STRING"
            },
            {
              "Name": "mth10_prod_code",
              "Type": "STRING"
            },
            {
              "Name": "mth10_region",
              "Type": "STRING"
            },
            {
              "Name": "mth10_servicecode",
              "Type": "STRING"
            },
            {
              "Name": "mth10_operation",
              "Type": "STRING"
            },
            {
              "Name": "mth10_usage_type",
              "Type": "STRING"
            },
            {
              "Name": "mth10_charge_type",
              "Type": "STRING"
            },
            {
              "Name": "mth10_pricing_term",
              "Type": "STRING"
            },
            {
              "Name": "mth10_clock_speed",
              "Type": "STRING"
            },
            {
              "Name": "mth10_inst_family",
              "Type": "STRING"
            },
            {
              "Name": "mth10_instance",
              "Type": "STRING"
            },
            {
              "Name": "mth10_instance_type_family",
              "Type": "STRING"
            },
            {
              "Name": "mth10_vcpu_count",
              "Type": "INTEGER"
            },
            {
              "Name": "mth10_year",
              "Type": "STRING"
            },
            {
              "Name": "mth10_month",
              "Type": "STRING"
            },
            {
              "Name": "mth10_instance_id",
              "Type": "STRING"
            },
            {
              "Name": "mth10_instance_family",
              "Type": "STRING"
            },
            {
              "Name": "mth10_r_points",
              "Type": "INTEGER"
            },
            {
              "Name": "mth10_instance_points",
              "Type": "INTEGER"
            },
            {
              "Name": "mth11_bill_payer_account_id",
              "Type": "STRING"
            },
            {
              "Name": "mth11_linked_acct_id",
              "Type": "STRING"
            },
            {
              "Name": "mth11_prod_code",
              "Type": "STRING"
            },
            {
              "Name": "mth11_region",
              "Type": "STRING"
            },
            {
              "Name": "mth11_servicecode",
              "Type": "STRING"
            },
            {
              "Name": "mth11_operation",
              "Type": "STRING"
            },
            {
              "Name": "mth11_usage_type",
              "Type": "STRING"
            },
            {
              "Name": "mth11_charge_type",
              "Type": "STRING"
            },
            {
              "Name": "mth11_pricing_term",
              "Type": "STRING"
            },
            {
              "Name": "mth11_clock_speed",
              "Type": "STRING"
            },
            {
              "Name": "mth11_inst_family",
              "Type": "STRING"
            },
            {
              "Name": "mth11_instance",
              "Type": "STRING"
            },
            {
              "Name": "mth11_instance_type_family",
              "Type": "STRING"
            },
            {
              "Name": "mth11_vcpu_count",
              "Type": "INTEGER"
            },
            {
              "Name": "mth11_year",
              "Type": "STRING"
            },
            {
              "Name": "mth11_month",
              "Type": "STRING"
            },
            {
              "Name": "mth11_instance_id",
              "Type": "STRING"
            },
            {
              "Name": "mth11_instance_family",
              "Type": "STRING"
            },
            {
              "Name": "mth11_r_points",
              "Type": "INTEGER"
            },
            {
              "Name": "mth11_instance_points",
              "Type": "INTEGER"
            },
            {
              "Name": "cur_mth_instance_hrs",
              "Type": "DECIMAL"
            },
            {
              "Name": "cur_mth_od_cost",
              "Type": "DECIMAL"
            },
            {
              "Name": "cur_mth_sp_cost",
              "Type": "DECIMAL"
            },
            {
              "Name": "prev_mth_instance_hrs",
              "Type": "DECIMAL"
            },
            {
              "Name": "prev_mth_od_cost",
              "Type": "DECIMAL"
            },
            {
              "Name": "prev_mth_sp_cost",
              "Type": "DECIMAL"
            },
            {
              "Name": "instance_hrs_var",
              "Type": "DECIMAL"
            },
            {
              "Name": "od_cost_var",
              "Type": "DECIMAL"
            },
            {
              "Name": "sp_cost_var",
              "Type": "DECIMAL"
            },
            {
              "Name": "cur_mth_vcpu_hours",
              "Type": "DECIMAL"
            },
            {
              "Name": "cur_mth_spot_vcpu_hours",
              "Type": "DECIMAL"
            },
            {
              "Name": "cur_mth_ec2_sustainability_points",
              "Type": "DECIMAL"
            },
            {
              "Name": "cur_mth_instance_cost",
              "Type": "DECIMAL"
            },
            {
              "Name": "cur_mth_cost_per_sus_point",
              "Type": "DECIMAL"
            },
            {
              "Name": "prev_mth_vcpu_hours",
              "Type": "DECIMAL"
            },
            {
              "Name": "prev_mth_spot_vcpu_hours",
              "Type": "DECIMAL"
            },
            {
              "Name": "prev_mth_ec2_sustainability_points",
              "Type": "DECIMAL"
            },
            {
              "Name": "prev_mth_instance_cost",
              "Type": "DECIMAL"
            },
            {
              "Name": "prev_mth_cost_per_sus_point",
              "Type": "DECIMAL"
            },
            {
              "Name": "od_savings",
              "Type": "DECIMAL"
            },
            {
              "Name": "od_inc_cost",
              "Type": "DECIMAL"
            },
            {
              "Name": "sp_savings",
              "Type": "DECIMAL"
            },
            {
              "Name": "sp_inc_cost",
              "Type": "DECIMAL"
            },
            {
              "Name": "inc_vcpu_hours",
              "Type": "DECIMAL"
            },
            {
              "Name": "savings_vcpu_hours",
              "Type": "DECIMAL"
            },
            {
              "Name": "inc_spot_vcpu_hours",
              "Type": "DECIMAL"
            },
            {
              "Name": "savings_spot_vcpu_hours",
              "Type": "DECIMAL"
            },
            {
              "Name": "inc_ec2_sustainability_points",
              "Type": "DECIMAL"
            },
            {
              "Name": "savings_ec2_sustainability_points",
              "Type": "DECIMAL"
            },
            {
              "Name": "inc_instance_cost",
              "Type": "DECIMAL"
            },
            {
              "Name": "savings_instance_cost",
              "Type": "DECIMAL"
            },
            {
              "Name": "inc_cost_per_sus_point",
              "Type": "DECIMAL"
            },
            {
              "Name": "savings_cost_per_sus_point",
              "Type": "DECIMAL"
            }
          ]
        }
      }
    },
    "LogicalTableMap": {
      "c62080e8-90cf-4c20-986d-91a18e385cbe": {
        "Alias": "join_mth_10_mth_11_vcpu_hours",
        "DataTransforms": [
          {
            "TagColumnOperation": {
              "ColumnName": "mth10_region",
              "Tags": [
                {
                  "ColumnGeographicRole": "STATE"
                }
              ]
            }
          },
          {
            "TagColumnOperation": {
              "ColumnName": "mth11_region",
              "Tags": [
                {
                  "ColumnGeographicRole": "STATE"
                }
              ]
            }
          },
          {
            "ProjectOperation": {
              "ProjectedColumns": [
                "mth10_bill_payer_account_id",
                "mth10_linked_acct_id",
                "mth10_prod_code",
                "mth10_region",
                "mth10_servicecode",
                "mth10_operation",
                "mth10_usage_type",
                "mth10_charge_type",
                "mth10_pricing_term",
                "mth10_clock_speed",
                "mth10_inst_family",
                "mth10_instance",
                "mth10_instance_type_family",
                "mth10_vcpu_count",
                "mth10_year",
                "mth10_month",
                "mth10_instance_id",
                "mth10_instance_family",
                "mth10_r_points",
                "mth10_instance_points",
                "mth11_bill_payer_account_id",
                "mth11_linked_acct_id",
                "mth11_prod_code",
                "mth11_region",
                "mth11_servicecode",
                "mth11_operation",
                "mth11_usage_type",
                "mth11_charge_type",
                "mth11_pricing_term",
                "mth11_clock_speed",
                "mth11_inst_family",
                "mth11_instance",
                "mth11_instance_type_family",
                "mth11_vcpu_count",
                "mth11_year",
                "mth11_month",
                "mth11_instance_id",
                "mth11_instance_family",
                "mth11_r_points",
                "mth11_instance_points",
                "cur_mth_instance_hrs",
                "cur_mth_od_cost",
                "cur_mth_sp_cost",
                "prev_mth_instance_hrs",
                "prev_mth_od_cost",
                "prev_mth_sp_cost",
                "instance_hrs_var",
                "od_cost_var",
                "sp_cost_var",
                "cur_mth_vcpu_hours",
                "cur_mth_spot_vcpu_hours",
                "cur_mth_ec2_sustainability_points",
                "cur_mth_instance_cost",
                "cur_mth_cost_per_sus_point",
                "prev_mth_vcpu_hours",
                "prev_mth_spot_vcpu_hours",
                "prev_mth_ec2_sustainability_points",
                "prev_mth_instance_cost",
                "prev_mth_cost_per_sus_point",
                "od_savings",
                "od_inc_cost",
                "sp_savings",
                "sp_inc_cost",
                "inc_vcpu_hours",
                "savings_vcpu_hours",
                "inc_spot_vcpu_hours",
                "savings_spot_vcpu_hours",
                "inc_ec2_sustainability_points",
                "savings_ec2_sustainability_points",
                "inc_instance_cost",
                "savings_instance_cost",
                "inc_cost_per_sus_point",
                "savings_cost_per_sus_point"
              ]
            }
          }
        ],
        "Source": {
          "PhysicalTableId": "c62080e8-90cf-4c20-986d-91a18e385cbe"
        }
      }
    },
    "ImportMode": "SPICE",
    "Permissions": [
        {
          "Principal": "${user_arn}",
          "Actions": [
            "quicksight:UpdateDataSetPermissions",
            "quicksight:DescribeDataSet",
            "quicksight:DescribeDataSetPermissions",
            "quicksight:PassDataSet",
            "quicksight:DescribeIngestion",
            "quicksight:ListIngestions",
            "quicksight:UpdateDataSet",
            "quicksight:DeleteDataSet",
            "quicksight:CreateIngestion",
            "quicksight:CancelIngestion"
          ]
        }
    ]
}