{
    "DataSetId": "638a4ea4-724f-4d9b-ad29-ef82b5233237",
    "Name": "join_mth_1_mth_2_vcpu_hours",
    "PhysicalTableMap": {
      "a2927466-be61-4504-bd24-fb7eadade1de": {
        "RelationalTable": {
          "DataSourceArn": "${athena_datasource_arn}",
          "Catalog": "AwsDataCatalog",
          "Schema": "${athena_database_name}",
          "Name": "join_mth_1_mth_2_vcpu_hours",
          "InputColumns": [
            {
              "Name": "mth1_bill_payer_account_id",
              "Type": "STRING"
            },
            {
              "Name": "mth1_linked_acct_id",
              "Type": "STRING"
            },
            {
              "Name": "mth1_prod_code",
              "Type": "STRING"
            },
            {
              "Name": "mth1_region",
              "Type": "STRING"
            },
            {
              "Name": "mth1_servicecode",
              "Type": "STRING"
            },
            {
              "Name": "mth1_operation",
              "Type": "STRING"
            },
            {
              "Name": "mth1_usage_type",
              "Type": "STRING"
            },
            {
              "Name": "mth1_charge_type",
              "Type": "STRING"
            },
            {
              "Name": "mth1_pricing_term",
              "Type": "STRING"
            },
            {
              "Name": "mth1_clock_speed",
              "Type": "STRING"
            },
            {
              "Name": "mth1_inst_family",
              "Type": "STRING"
            },
            {
              "Name": "mth1_instance",
              "Type": "STRING"
            },
            {
              "Name": "mth1_instance_type_family",
              "Type": "STRING"
            },
            {
              "Name": "mth1_vcpu_count",
              "Type": "INTEGER"
            },
            {
              "Name": "mth1_year",
              "Type": "STRING"
            },
            {
              "Name": "mth1_month",
              "Type": "STRING"
            },
            {
              "Name": "mth1_instance_id",
              "Type": "STRING"
            },
            {
              "Name": "mth1_instance_family",
              "Type": "STRING"
            },
            {
              "Name": "mth1_r_points",
              "Type": "INTEGER"
            },
            {
              "Name": "mth1_instance_points",
              "Type": "INTEGER"
            },
            {
              "Name": "mth2_bill_payer_account_id",
              "Type": "STRING"
            },
            {
              "Name": "mth2_linked_acct_id",
              "Type": "STRING"
            },
            {
              "Name": "mth2_prod_code",
              "Type": "STRING"
            },
            {
              "Name": "mth2_region",
              "Type": "STRING"
            },
            {
              "Name": "mth2_servicecode",
              "Type": "STRING"
            },
            {
              "Name": "mth2_operation",
              "Type": "STRING"
            },
            {
              "Name": "mth2_usage_type",
              "Type": "STRING"
            },
            {
              "Name": "mth2_charge_type",
              "Type": "STRING"
            },
            {
              "Name": "mth2_pricing_term",
              "Type": "STRING"
            },
            {
              "Name": "mth2_clock_speed",
              "Type": "STRING"
            },
            {
              "Name": "mth2_inst_family",
              "Type": "STRING"
            },
            {
              "Name": "mth2_instance",
              "Type": "STRING"
            },
            {
              "Name": "mth2_instance_type_family",
              "Type": "STRING"
            },
            {
              "Name": "mth2_vcpu_count",
              "Type": "INTEGER"
            },
            {
              "Name": "mth2_year",
              "Type": "STRING"
            },
            {
              "Name": "mth2_month",
              "Type": "STRING"
            },
            {
              "Name": "mth2_instance_id",
              "Type": "STRING"
            },
            {
              "Name": "mth2_instance_family",
              "Type": "STRING"
            },
            {
              "Name": "mth2_r_points",
              "Type": "INTEGER"
            },
            {
              "Name": "mth2_instance_points",
              "Type": "INTEGER"
            },
            {
              "Name": "cur_mth_instance_hrs",
              "Type": "DECIMAL"
            },
            {
              "Name": "cur_mth_od_cost",
              "Type": "DECIMAL"
            },
            {
              "Name": "cur_mth_sp_cost",
              "Type": "DECIMAL"
            },
            {
              "Name": "prev_mth_instance_hrs",
              "Type": "DECIMAL"
            },
            {
              "Name": "prev_mth_od_cost",
              "Type": "DECIMAL"
            },
            {
              "Name": "prev_mth_sp_cost",
              "Type": "DECIMAL"
            },
            {
              "Name": "instance_hrs_var",
              "Type": "DECIMAL"
            },
            {
              "Name": "od_cost_var",
              "Type": "DECIMAL"
            },
            {
              "Name": "sp_cost_var",
              "Type": "DECIMAL"
            },
            {
              "Name": "cur_mth_vcpu_hours",
              "Type": "DECIMAL"
            },
            {
              "Name": "cur_mth_spot_vcpu_hours",
              "Type": "DECIMAL"
            },
            {
              "Name": "cur_mth_ec2_sustainability_points",
              "Type": "DECIMAL"
            },
            {
              "Name": "cur_mth_instance_cost",
              "Type": "DECIMAL"
            },
            {
              "Name": "cur_mth_cost_per_sus_point",
              "Type": "DECIMAL"
            },
            {
              "Name": "prev_mth_vcpu_hours",
              "Type": "DECIMAL"
            },
            {
              "Name": "prev_mth_spot_vcpu_hours",
              "Type": "DECIMAL"
            },
            {
              "Name": "prev_mth_ec2_sustainability_points",
              "Type": "DECIMAL"
            },
            {
              "Name": "prev_mth_instance_cost",
              "Type": "DECIMAL"
            },
            {
              "Name": "prev_mth_cost_per_sus_point",
              "Type": "DECIMAL"
            },
            {
              "Name": "od_savings",
              "Type": "DECIMAL"
            },
            {
              "Name": "od_inc_cost",
              "Type": "DECIMAL"
            },
            {
              "Name": "sp_savings",
              "Type": "DECIMAL"
            },
            {
              "Name": "sp_inc_cost",
              "Type": "DECIMAL"
            },
            {
              "Name": "inc_vcpu_hours",
              "Type": "DECIMAL"
            },
            {
              "Name": "savings_vcpu_hours",
              "Type": "DECIMAL"
            },
            {
              "Name": "inc_spot_vcpu_hours",
              "Type": "DECIMAL"
            },
            {
              "Name": "savings_spot_vcpu_hours",
              "Type": "DECIMAL"
            },
            {
              "Name": "inc_ec2_sustainability_points",
              "Type": "DECIMAL"
            },
            {
              "Name": "savings_ec2_sustainability_points",
              "Type": "DECIMAL"
            },
            {
              "Name": "inc_instance_cost",
              "Type": "DECIMAL"
            },
            {
              "Name": "savings_instance_cost",
              "Type": "DECIMAL"
            },
            {
              "Name": "inc_cost_per_sus_point",
              "Type": "DECIMAL"
            },
            {
              "Name": "savings_cost_per_sus_point",
              "Type": "DECIMAL"
            }
          ]
        }
      }
    },
    "LogicalTableMap": {
      "a2927466-be61-4504-bd24-fb7eadade1de": {
        "Alias": "join_mth_1_mth_2_vcpu_hours",
        "DataTransforms": [
          {
            "TagColumnOperation": {
              "ColumnName": "mth1_region",
              "Tags": [
                {
                  "ColumnGeographicRole": "STATE"
                }
              ]
            }
          },
          {
            "TagColumnOperation": {
              "ColumnName": "mth2_region",
              "Tags": [
                {
                  "ColumnGeographicRole": "STATE"
                }
              ]
            }
          },
          {
            "ProjectOperation": {
              "ProjectedColumns": [
                "mth1_bill_payer_account_id",
                "mth1_linked_acct_id",
                "mth1_prod_code",
                "mth1_region",
                "mth1_servicecode",
                "mth1_operation",
                "mth1_usage_type",
                "mth1_charge_type",
                "mth1_pricing_term",
                "mth1_clock_speed",
                "mth1_inst_family",
                "mth1_instance",
                "mth1_instance_type_family",
                "mth1_vcpu_count",
                "mth1_year",
                "mth1_month",
                "mth1_instance_id",
                "mth1_instance_family",
                "mth1_r_points",
                "mth1_instance_points",
                "mth2_bill_payer_account_id",
                "mth2_linked_acct_id",
                "mth2_prod_code",
                "mth2_region",
                "mth2_servicecode",
                "mth2_operation",
                "mth2_usage_type",
                "mth2_charge_type",
                "mth2_pricing_term",
                "mth2_clock_speed",
                "mth2_inst_family",
                "mth2_instance",
                "mth2_instance_type_family",
                "mth2_vcpu_count",
                "mth2_year",
                "mth2_month",
                "mth2_instance_id",
                "mth2_instance_family",
                "mth2_r_points",
                "mth2_instance_points",
                "cur_mth_instance_hrs",
                "cur_mth_od_cost",
                "cur_mth_sp_cost",
                "prev_mth_instance_hrs",
                "prev_mth_od_cost",
                "prev_mth_sp_cost",
                "instance_hrs_var",
                "od_cost_var",
                "sp_cost_var",
                "cur_mth_vcpu_hours",
                "cur_mth_spot_vcpu_hours",
                "cur_mth_ec2_sustainability_points",
                "cur_mth_instance_cost",
                "cur_mth_cost_per_sus_point",
                "prev_mth_vcpu_hours",
                "prev_mth_spot_vcpu_hours",
                "prev_mth_ec2_sustainability_points",
                "prev_mth_instance_cost",
                "prev_mth_cost_per_sus_point",
                "od_savings",
                "od_inc_cost",
                "sp_savings",
                "sp_inc_cost",
                "inc_vcpu_hours",
                "savings_vcpu_hours",
                "inc_spot_vcpu_hours",
                "savings_spot_vcpu_hours",
                "inc_ec2_sustainability_points",
                "savings_ec2_sustainability_points",
                "inc_instance_cost",
                "savings_instance_cost",
                "inc_cost_per_sus_point",
                "savings_cost_per_sus_point"
              ]
            }
          }
        ],
        "Source": {
          "PhysicalTableId": "a2927466-be61-4504-bd24-fb7eadade1de"
        }
      }
    },
    "ImportMode": "SPICE",
    "Permissions": [
        {
          "Principal": "${user_arn}",
          "Actions": [
            "quicksight:UpdateDataSetPermissions",
            "quicksight:DescribeDataSet",
            "quicksight:DescribeDataSetPermissions",
            "quicksight:PassDataSet",
            "quicksight:DescribeIngestion",
            "quicksight:ListIngestions",
            "quicksight:UpdateDataSet",
            "quicksight:DeleteDataSet",
            "quicksight:CreateIngestion",
            "quicksight:CancelIngestion"
          ]
        }
    ]
}