{
    "DataSetId": "7b149252-478d-419f-a47d-db53589b768c",
    "Name": "join_mth_2_mth_3_vcpu_hours",
    "PhysicalTableMap": {
      "4344577e-314e-4626-8ba7-4bdb9175f7eb": {
        "RelationalTable": {
          "DataSourceArn": "${athena_datasource_arn}",
          "Catalog": "AwsDataCatalog",
          "Schema": "${athena_database_name}",
          "Name": "join_mth_2_mth_3_vcpu_hours",
          "InputColumns": [
            {
              "Name": "mth2_bill_payer_account_id",
              "Type": "STRING"
            },
            {
              "Name": "mth2_linked_acct_id",
              "Type": "STRING"
            },
            {
              "Name": "mth2_prod_code",
              "Type": "STRING"
            },
            {
              "Name": "mth2_region",
              "Type": "STRING"
            },
            {
              "Name": "mth2_servicecode",
              "Type": "STRING"
            },
            {
              "Name": "mth2_operation",
              "Type": "STRING"
            },
            {
              "Name": "mth2_usage_type",
              "Type": "STRING"
            },
            {
              "Name": "mth2_charge_type",
              "Type": "STRING"
            },
            {
              "Name": "mth2_pricing_term",
              "Type": "STRING"
            },
            {
              "Name": "mth2_clock_speed",
              "Type": "STRING"
            },
            {
              "Name": "mth2_inst_family",
              "Type": "STRING"
            },
            {
              "Name": "mth2_instance",
              "Type": "STRING"
            },
            {
              "Name": "mth2_instance_type_family",
              "Type": "STRING"
            },
            {
              "Name": "mth2_vcpu_count",
              "Type": "INTEGER"
            },
            {
              "Name": "mth2_year",
              "Type": "STRING"
            },
            {
              "Name": "mth2_month",
              "Type": "STRING"
            },
            {
              "Name": "mth2_instance_id",
              "Type": "STRING"
            },
            {
              "Name": "mth2_instance_family",
              "Type": "STRING"
            },
            {
              "Name": "mth2_r_points",
              "Type": "INTEGER"
            },
            {
              "Name": "mth2_instance_points",
              "Type": "INTEGER"
            },
            {
              "Name": "mth3_bill_payer_account_id",
              "Type": "STRING"
            },
            {
              "Name": "mth3_linked_acct_id",
              "Type": "STRING"
            },
            {
              "Name": "mth3_prod_code",
              "Type": "STRING"
            },
            {
              "Name": "mth3_region",
              "Type": "STRING"
            },
            {
              "Name": "mth3_servicecode",
              "Type": "STRING"
            },
            {
              "Name": "mth3_operation",
              "Type": "STRING"
            },
            {
              "Name": "mth3_usage_type",
              "Type": "STRING"
            },
            {
              "Name": "mth3_charge_type",
              "Type": "STRING"
            },
            {
              "Name": "mth3_pricing_term",
              "Type": "STRING"
            },
            {
              "Name": "mth3_clock_speed",
              "Type": "STRING"
            },
            {
              "Name": "mth3_inst_family",
              "Type": "STRING"
            },
            {
              "Name": "mth3_instance",
              "Type": "STRING"
            },
            {
              "Name": "mth3_instance_type_family",
              "Type": "STRING"
            },
            {
              "Name": "mth3_vcpu_count",
              "Type": "INTEGER"
            },
            {
              "Name": "mth3_year",
              "Type": "STRING"
            },
            {
              "Name": "mth3_month",
              "Type": "STRING"
            },
            {
              "Name": "mth3_instance_id",
              "Type": "STRING"
            },
            {
              "Name": "mth3_instance_family",
              "Type": "STRING"
            },
            {
              "Name": "mth3_r_points",
              "Type": "INTEGER"
            },
            {
              "Name": "mth3_instance_points",
              "Type": "INTEGER"
            },
            {
              "Name": "cur_mth_instance_hrs",
              "Type": "DECIMAL"
            },
            {
              "Name": "cur_mth_od_cost",
              "Type": "DECIMAL"
            },
            {
              "Name": "cur_mth_sp_cost",
              "Type": "DECIMAL"
            },
            {
              "Name": "prev_mth_instance_hrs",
              "Type": "DECIMAL"
            },
            {
              "Name": "prev_mth_od_cost",
              "Type": "DECIMAL"
            },
            {
              "Name": "prev_mth_sp_cost",
              "Type": "DECIMAL"
            },
            {
              "Name": "instance_hrs_var",
              "Type": "DECIMAL"
            },
            {
              "Name": "od_cost_var",
              "Type": "DECIMAL"
            },
            {
              "Name": "sp_cost_var",
              "Type": "DECIMAL"
            },
            {
              "Name": "cur_mth_vcpu_hours",
              "Type": "DECIMAL"
            },
            {
              "Name": "cur_mth_spot_vcpu_hours",
              "Type": "DECIMAL"
            },
            {
              "Name": "cur_mth_ec2_sustainability_points",
              "Type": "DECIMAL"
            },
            {
              "Name": "cur_mth_instance_cost",
              "Type": "DECIMAL"
            },
            {
              "Name": "cur_mth_cost_per_sus_point",
              "Type": "DECIMAL"
            },
            {
              "Name": "prev_mth_vcpu_hours",
              "Type": "DECIMAL"
            },
            {
              "Name": "prev_mth_spot_vcpu_hours",
              "Type": "DECIMAL"
            },
            {
              "Name": "prev_mth_ec2_sustainability_points",
              "Type": "DECIMAL"
            },
            {
              "Name": "prev_mth_instance_cost",
              "Type": "DECIMAL"
            },
            {
              "Name": "prev_mth_cost_per_sus_point",
              "Type": "DECIMAL"
            },
            {
              "Name": "od_savings",
              "Type": "DECIMAL"
            },
            {
              "Name": "od_inc_cost",
              "Type": "DECIMAL"
            },
            {
              "Name": "sp_savings",
              "Type": "DECIMAL"
            },
            {
              "Name": "sp_inc_cost",
              "Type": "DECIMAL"
            },
            {
              "Name": "inc_vcpu_hours",
              "Type": "DECIMAL"
            },
            {
              "Name": "savings_vcpu_hours",
              "Type": "DECIMAL"
            },
            {
              "Name": "inc_spot_vcpu_hours",
              "Type": "DECIMAL"
            },
            {
              "Name": "savings_spot_vcpu_hours",
              "Type": "DECIMAL"
            },
            {
              "Name": "inc_ec2_sustainability_points",
              "Type": "DECIMAL"
            },
            {
              "Name": "savings_ec2_sustainability_points",
              "Type": "DECIMAL"
            },
            {
              "Name": "inc_instance_cost",
              "Type": "DECIMAL"
            },
            {
              "Name": "savings_instance_cost",
              "Type": "DECIMAL"
            },
            {
              "Name": "inc_cost_per_sus_point",
              "Type": "DECIMAL"
            },
            {
              "Name": "savings_cost_per_sus_point",
              "Type": "DECIMAL"
            }
          ]
        }
      }
    },
    "LogicalTableMap": {
      "4344577e-314e-4626-8ba7-4bdb9175f7eb": {
        "Alias": "join_mth_2_mth_3_vcpu_hours",
        "DataTransforms": [
          {
            "TagColumnOperation": {
              "ColumnName": "mth2_region",
              "Tags": [
                {
                  "ColumnGeographicRole": "STATE"
                }
              ]
            }
          },
          {
            "TagColumnOperation": {
              "ColumnName": "mth3_region",
              "Tags": [
                {
                  "ColumnGeographicRole": "STATE"
                }
              ]
            }
          },
          {
            "ProjectOperation": {
              "ProjectedColumns": [
                "mth2_bill_payer_account_id",
                "mth2_linked_acct_id",
                "mth2_prod_code",
                "mth2_region",
                "mth2_servicecode",
                "mth2_operation",
                "mth2_usage_type",
                "mth2_charge_type",
                "mth2_pricing_term",
                "mth2_clock_speed",
                "mth2_inst_family",
                "mth2_instance",
                "mth2_instance_type_family",
                "mth2_vcpu_count",
                "mth2_year",
                "mth2_month",
                "mth2_instance_id",
                "mth2_instance_family",
                "mth2_r_points",
                "mth2_instance_points",
                "mth3_bill_payer_account_id",
                "mth3_linked_acct_id",
                "mth3_prod_code",
                "mth3_region",
                "mth3_servicecode",
                "mth3_operation",
                "mth3_usage_type",
                "mth3_charge_type",
                "mth3_pricing_term",
                "mth3_clock_speed",
                "mth3_inst_family",
                "mth3_instance",
                "mth3_instance_type_family",
                "mth3_vcpu_count",
                "mth3_year",
                "mth3_month",
                "mth3_instance_id",
                "mth3_instance_family",
                "mth3_r_points",
                "mth3_instance_points",
                "cur_mth_instance_hrs",
                "cur_mth_od_cost",
                "cur_mth_sp_cost",
                "prev_mth_instance_hrs",
                "prev_mth_od_cost",
                "prev_mth_sp_cost",
                "instance_hrs_var",
                "od_cost_var",
                "sp_cost_var",
                "cur_mth_vcpu_hours",
                "cur_mth_spot_vcpu_hours",
                "cur_mth_ec2_sustainability_points",
                "cur_mth_instance_cost",
                "cur_mth_cost_per_sus_point",
                "prev_mth_vcpu_hours",
                "prev_mth_spot_vcpu_hours",
                "prev_mth_ec2_sustainability_points",
                "prev_mth_instance_cost",
                "prev_mth_cost_per_sus_point",
                "od_savings",
                "od_inc_cost",
                "sp_savings",
                "sp_inc_cost",
                "inc_vcpu_hours",
                "savings_vcpu_hours",
                "inc_spot_vcpu_hours",
                "savings_spot_vcpu_hours",
                "inc_ec2_sustainability_points",
                "savings_ec2_sustainability_points",
                "inc_instance_cost",
                "savings_instance_cost",
                "inc_cost_per_sus_point",
                "savings_cost_per_sus_point"
              ]
            }
          }
        ],
        "Source": {
          "PhysicalTableId": "4344577e-314e-4626-8ba7-4bdb9175f7eb"
        }
      }
    },
    "ImportMode": "SPICE",
    "Permissions": [
        {
          "Principal": "${user_arn}",
          "Actions": [
            "quicksight:UpdateDataSetPermissions",
            "quicksight:DescribeDataSet",
            "quicksight:DescribeDataSetPermissions",
            "quicksight:PassDataSet",
            "quicksight:DescribeIngestion",
            "quicksight:ListIngestions",
            "quicksight:UpdateDataSet",
            "quicksight:DeleteDataSet",
            "quicksight:CreateIngestion",
            "quicksight:CancelIngestion"
          ]
        }
    ]
}