{
    "DataSetId": "f8c73ee9-2270-412c-bea8-dfb96d6125ef",
    "Name": "join_mth_2_mth_3",
    "PhysicalTableMap": {
      "b439e9ab-5d70-4b6c-9d4b-dc3be919f9a7": {
        "RelationalTable": {
          "DataSourceArn": "${athena_datasource_arn}",
          "Catalog": "AwsDataCatalog",
          "Schema": "${athena_database_name}",
          "Name": "join_mth_2_mth_3",
          "InputColumns": [
            {
              "Name": "mth2_bill_payer_account_id",
              "Type": "STRING"
            },
            {
              "Name": "mth2_linked_acct_id",
              "Type": "STRING"
            },
            {
              "Name": "mth2_prod_code",
              "Type": "STRING"
            },
            {
              "Name": "mth2_resource_id",
              "Type": "STRING"
            },
            {
              "Name": "mth2_description",
              "Type": "STRING"
            },
            {
              "Name": "mth2_charge_type",
              "Type": "STRING"
            },
            {
              "Name": "mth2_operation",
              "Type": "STRING"
            },
            {
              "Name": "mth2_unblended_rate",
              "Type": "DECIMAL"
            },
            {
              "Name": "mth2_instance",
              "Type": "STRING"
            },
            {
              "Name": "mth2_prod_family",
              "Type": "STRING"
            },
            {
              "Name": "mth2_instance_family",
              "Type": "STRING"
            },
            {
              "Name": "mth2_instance_type",
              "Type": "STRING"
            },
            {
              "Name": "mth2_instance_type_family",
              "Type": "STRING"
            },
            {
              "Name": "mth2_tenancy",
              "Type": "STRING"
            },
            {
              "Name": "mth2_region",
              "Type": "STRING"
            },
            {
              "Name": "mth2_location_type",
              "Type": "STRING"
            },
            {
              "Name": "mth2_operating_system",
              "Type": "STRING"
            },
            {
              "Name": "mth2_sp_arn",
              "Type": "STRING"
            },
            {
              "Name": "mth2_sp_rate",
              "Type": "INTEGER"
            },
            {
              "Name": "mth2_storage_class",
              "Type": "STRING"
            },
            {
              "Name": "mth2_year",
              "Type": "STRING"
            },
            {
              "Name": "mth2_month",
              "Type": "STRING"
            },
            {
              "Name": "mth2_payer",
              "Type": "STRING"
            },
            {
              "Name": "join_2_3_payer",
              "Type": "STRING"
            },
            {
              "Name": "join_2_3_linked_acct_id",
              "Type": "STRING"
            },
            {
              "Name": "join_2_3_prod_code",
              "Type": "STRING"
            },
            {
              "Name": "join_2_3_resource_id",
              "Type": "STRING"
            },
            {
              "Name": "join_2_3_charge_type",
              "Type": "STRING"
            },
            {
              "Name": "join_2_3_operation",
              "Type": "STRING"
            },
            {
              "Name": "join_2_3_prod_family",
              "Type": "STRING"
            },
            {
              "Name": "join_2_3_inst_family",
              "Type": "STRING"
            },
            {
              "Name": "join_2_3_inst_type",
              "Type": "STRING"
            },
            {
              "Name": "join_2_3_tenancy",
              "Type": "STRING"
            },
            {
              "Name": "join_2_3_region",
              "Type": "STRING"
            },
            {
              "Name": "join_2_3_op_system",
              "Type": "STRING"
            },
            {
              "Name": "join_2_3_sp_arn",
              "Type": "STRING"
            },
            {
              "Name": "join_2_3_storage_class",
              "Type": "STRING"
            },
            {
              "Name": "mth3_bill_payer_account_id",
              "Type": "STRING"
            },
            {
              "Name": "mth3_linked_acct_id",
              "Type": "STRING"
            },
            {
              "Name": "mth3_prod_code",
              "Type": "STRING"
            },
            {
              "Name": "mth3_resource_id",
              "Type": "STRING"
            },
            {
              "Name": "mth3_description",
              "Type": "STRING"
            },
            {
              "Name": "mth3_charge_type",
              "Type": "STRING"
            },
            {
              "Name": "mth3_operation",
              "Type": "STRING"
            },
            {
              "Name": "mth3_unblended_rate",
              "Type": "DECIMAL"
            },
            {
              "Name": "mth3_instance",
              "Type": "STRING"
            },
            {
              "Name": "mth3_prod_family",
              "Type": "STRING"
            },
            {
              "Name": "mth3_instance_family",
              "Type": "STRING"
            },
            {
              "Name": "mth3_instance_type",
              "Type": "STRING"
            },
            {
              "Name": "mth3_instance_type_family",
              "Type": "STRING"
            },
            {
              "Name": "mth3_tenancy",
              "Type": "STRING"
            },
            {
              "Name": "mth3_region",
              "Type": "STRING"
            },
            {
              "Name": "mth3_location_type",
              "Type": "STRING"
            },
            {
              "Name": "mth3_operating_system",
              "Type": "STRING"
            },
            {
              "Name": "mth3_sp_arn",
              "Type": "STRING"
            },
            {
              "Name": "mth3_sp_rate",
              "Type": "INTEGER"
            },
            {
              "Name": "mth3_storage_class",
              "Type": "STRING"
            },
            {
              "Name": "mth3_year",
              "Type": "STRING"
            },
            {
              "Name": "mth3_month",
              "Type": "STRING"
            },
            {
              "Name": "mth3_payer",
              "Type": "STRING"
            },
            {
              "Name": "cur_mth_cost",
              "Type": "DECIMAL"
            },
            {
              "Name": "cur_mth_usg",
              "Type": "DECIMAL"
            },
            {
              "Name": "prev_mth_cost",
              "Type": "DECIMAL"
            },
            {
              "Name": "prev_mth_usg",
              "Type": "DECIMAL"
            },
            {
              "Name": "cost_var",
              "Type": "DECIMAL"
            },
            {
              "Name": "usg_var",
              "Type": "DECIMAL"
            },
            {
              "Name": "savings",
              "Type": "DECIMAL"
            },
            {
              "Name": "inc_cost",
              "Type": "DECIMAL"
            }
          ]
        }
      }
    },
    "LogicalTableMap": {
      "b439e9ab-5d70-4b6c-9d4b-dc3be919f9a7": {
        "Alias": "join_mth_2_mth_3",
        "DataTransforms": [
          {
            "TagColumnOperation": {
              "ColumnName": "mth2_region",
              "Tags": [
                {
                  "ColumnGeographicRole": "STATE"
                }
              ]
            }
          },
          {
            "TagColumnOperation": {
              "ColumnName": "mth3_region",
              "Tags": [
                {
                  "ColumnGeographicRole": "STATE"
                }
              ]
            }
          },
          {
            "ProjectOperation": {
              "ProjectedColumns": [
                "mth2_bill_payer_account_id",
                "mth2_linked_acct_id",
                "mth2_prod_code",
                "mth2_resource_id",
                "mth2_description",
                "mth2_charge_type",
                "mth2_operation",
                "mth2_unblended_rate",
                "mth2_instance",
                "mth2_prod_family",
                "mth2_instance_family",
                "mth2_instance_type",
                "mth2_instance_type_family",
                "mth2_tenancy",
                "mth2_region",
                "mth2_location_type",
                "mth2_operating_system",
                "mth2_sp_arn",
                "mth2_sp_rate",
                "mth2_storage_class",
                "mth2_year",
                "mth2_month",
                "mth2_payer",
                "join_2_3_payer",
                "join_2_3_linked_acct_id",
                "join_2_3_prod_code",
                "join_2_3_resource_id",
                "join_2_3_charge_type",
                "join_2_3_operation",
                "join_2_3_prod_family",
                "join_2_3_inst_family",
                "join_2_3_inst_type",
                "join_2_3_tenancy",
                "join_2_3_region",
                "join_2_3_op_system",
                "join_2_3_sp_arn",
                "join_2_3_storage_class",
                "mth3_bill_payer_account_id",
                "mth3_linked_acct_id",
                "mth3_prod_code",
                "mth3_resource_id",
                "mth3_description",
                "mth3_charge_type",
                "mth3_operation",
                "mth3_unblended_rate",
                "mth3_instance",
                "mth3_prod_family",
                "mth3_instance_family",
                "mth3_instance_type",
                "mth3_instance_type_family",
                "mth3_tenancy",
                "mth3_region",
                "mth3_location_type",
                "mth3_operating_system",
                "mth3_sp_arn",
                "mth3_sp_rate",
                "mth3_storage_class",
                "mth3_year",
                "mth3_month",
                "mth3_payer",
                "cur_mth_cost",
                "cur_mth_usg",
                "prev_mth_cost",
                "prev_mth_usg",
                "cost_var",
                "usg_var",
                "savings",
                "inc_cost"
              ]
            }
          }
        ],
        "Source": {
          "PhysicalTableId": "b439e9ab-5d70-4b6c-9d4b-dc3be919f9a7"
        }
      }
    },
    "ImportMode": "SPICE",
    "Permissions": [
        {
          "Principal": "${user_arn}",
          "Actions": [
            "quicksight:UpdateDataSetPermissions",
            "quicksight:DescribeDataSet",
            "quicksight:DescribeDataSetPermissions",
            "quicksight:PassDataSet",
            "quicksight:DescribeIngestion",
            "quicksight:ListIngestions",
            "quicksight:UpdateDataSet",
            "quicksight:DeleteDataSet",
            "quicksight:CreateIngestion",
            "quicksight:CancelIngestion"
          ]
        }
    ]
}