{
    "DataSetId": "f2940a09-32e2-44f2-b2a7-41d28eabd27c",
    "Name": "join_mth_4_mth_5_vcpu_hours",
    "PhysicalTableMap": {
      "721afb6e-f769-44f4-b65b-8264ca93c5be": {
        "RelationalTable": {
          "DataSourceArn": "${athena_datasource_arn}",
          "Catalog": "AwsDataCatalog",
          "Schema": "${athena_database_name}",
          "Name": "join_mth_4_mth_5_vcpu_hours",
          "InputColumns": [
            {
              "Name": "mth4_bill_payer_account_id",
              "Type": "STRING"
            },
            {
              "Name": "mth4_linked_acct_id",
              "Type": "STRING"
            },
            {
              "Name": "mth4_prod_code",
              "Type": "STRING"
            },
            {
              "Name": "mth4_region",
              "Type": "STRING"
            },
            {
              "Name": "mth4_servicecode",
              "Type": "STRING"
            },
            {
              "Name": "mth4_operation",
              "Type": "STRING"
            },
            {
              "Name": "mth4_usage_type",
              "Type": "STRING"
            },
            {
              "Name": "mth4_charge_type",
              "Type": "STRING"
            },
            {
              "Name": "mth4_pricing_term",
              "Type": "STRING"
            },
            {
              "Name": "mth4_clock_speed",
              "Type": "STRING"
            },
            {
              "Name": "mth4_inst_family",
              "Type": "STRING"
            },
            {
              "Name": "mth4_instance",
              "Type": "STRING"
            },
            {
              "Name": "mth4_instance_type_family",
              "Type": "STRING"
            },
            {
              "Name": "mth4_vcpu_count",
              "Type": "INTEGER"
            },
            {
              "Name": "mth4_year",
              "Type": "STRING"
            },
            {
              "Name": "mth4_month",
              "Type": "STRING"
            },
            {
              "Name": "mth4_instance_id",
              "Type": "STRING"
            },
            {
              "Name": "mth4_instance_family",
              "Type": "STRING"
            },
            {
              "Name": "mth4_r_points",
              "Type": "INTEGER"
            },
            {
              "Name": "mth4_instance_points",
              "Type": "INTEGER"
            },
            {
              "Name": "mth5_bill_payer_account_id",
              "Type": "STRING"
            },
            {
              "Name": "mth5_linked_acct_id",
              "Type": "STRING"
            },
            {
              "Name": "mth5_prod_code",
              "Type": "STRING"
            },
            {
              "Name": "mth5_region",
              "Type": "STRING"
            },
            {
              "Name": "mth5_servicecode",
              "Type": "STRING"
            },
            {
              "Name": "mth5_operation",
              "Type": "STRING"
            },
            {
              "Name": "mth5_usage_type",
              "Type": "STRING"
            },
            {
              "Name": "mth5_charge_type",
              "Type": "STRING"
            },
            {
              "Name": "mth5_pricing_term",
              "Type": "STRING"
            },
            {
              "Name": "mth5_clock_speed",
              "Type": "STRING"
            },
            {
              "Name": "mth5_inst_family",
              "Type": "STRING"
            },
            {
              "Name": "mth5_instance",
              "Type": "STRING"
            },
            {
              "Name": "mth5_instance_type_family",
              "Type": "STRING"
            },
            {
              "Name": "mth5_vcpu_count",
              "Type": "INTEGER"
            },
            {
              "Name": "mth5_year",
              "Type": "STRING"
            },
            {
              "Name": "mth5_month",
              "Type": "STRING"
            },
            {
              "Name": "mth5_instance_id",
              "Type": "STRING"
            },
            {
              "Name": "mth5_instance_family",
              "Type": "STRING"
            },
            {
              "Name": "mth5_r_points",
              "Type": "INTEGER"
            },
            {
              "Name": "mth5_instance_points",
              "Type": "INTEGER"
            },
            {
              "Name": "cur_mth_instance_hrs",
              "Type": "DECIMAL"
            },
            {
              "Name": "cur_mth_od_cost",
              "Type": "DECIMAL"
            },
            {
              "Name": "cur_mth_sp_cost",
              "Type": "DECIMAL"
            },
            {
              "Name": "prev_mth_instance_hrs",
              "Type": "DECIMAL"
            },
            {
              "Name": "prev_mth_od_cost",
              "Type": "DECIMAL"
            },
            {
              "Name": "prev_mth_sp_cost",
              "Type": "DECIMAL"
            },
            {
              "Name": "instance_hrs_var",
              "Type": "DECIMAL"
            },
            {
              "Name": "od_cost_var",
              "Type": "DECIMAL"
            },
            {
              "Name": "sp_cost_var",
              "Type": "DECIMAL"
            },
            {
              "Name": "cur_mth_vcpu_hours",
              "Type": "DECIMAL"
            },
            {
              "Name": "cur_mth_spot_vcpu_hours",
              "Type": "DECIMAL"
            },
            {
              "Name": "cur_mth_ec2_sustainability_points",
              "Type": "DECIMAL"
            },
            {
              "Name": "cur_mth_instance_cost",
              "Type": "DECIMAL"
            },
            {
              "Name": "cur_mth_cost_per_sus_point",
              "Type": "DECIMAL"
            },
            {
              "Name": "prev_mth_vcpu_hours",
              "Type": "DECIMAL"
            },
            {
              "Name": "prev_mth_spot_vcpu_hours",
              "Type": "DECIMAL"
            },
            {
              "Name": "prev_mth_ec2_sustainability_points",
              "Type": "DECIMAL"
            },
            {
              "Name": "prev_mth_instance_cost",
              "Type": "DECIMAL"
            },
            {
              "Name": "prev_mth_cost_per_sus_point",
              "Type": "DECIMAL"
            },
            {
              "Name": "od_savings",
              "Type": "DECIMAL"
            },
            {
              "Name": "od_inc_cost",
              "Type": "DECIMAL"
            },
            {
              "Name": "sp_savings",
              "Type": "DECIMAL"
            },
            {
              "Name": "sp_inc_cost",
              "Type": "DECIMAL"
            },
            {
              "Name": "inc_vcpu_hours",
              "Type": "DECIMAL"
            },
            {
              "Name": "savings_vcpu_hours",
              "Type": "DECIMAL"
            },
            {
              "Name": "inc_spot_vcpu_hours",
              "Type": "DECIMAL"
            },
            {
              "Name": "savings_spot_vcpu_hours",
              "Type": "DECIMAL"
            },
            {
              "Name": "inc_ec2_sustainability_points",
              "Type": "DECIMAL"
            },
            {
              "Name": "savings_ec2_sustainability_points",
              "Type": "DECIMAL"
            },
            {
              "Name": "inc_instance_cost",
              "Type": "DECIMAL"
            },
            {
              "Name": "savings_instance_cost",
              "Type": "DECIMAL"
            },
            {
              "Name": "inc_cost_per_sus_point",
              "Type": "DECIMAL"
            },
            {
              "Name": "savings_cost_per_sus_point",
              "Type": "DECIMAL"
            }
          ]
        }
      }
    },
    "LogicalTableMap": {
      "721afb6e-f769-44f4-b65b-8264ca93c5be": {
        "Alias": "join_mth_4_mth_5_vcpu_hours",
        "DataTransforms": [
          {
            "TagColumnOperation": {
              "ColumnName": "mth4_region",
              "Tags": [
                {
                  "ColumnGeographicRole": "STATE"
                }
              ]
            }
          },
          {
            "TagColumnOperation": {
              "ColumnName": "mth5_region",
              "Tags": [
                {
                  "ColumnGeographicRole": "STATE"
                }
              ]
            }
          },
          {
            "ProjectOperation": {
              "ProjectedColumns": [
                "mth4_bill_payer_account_id",
                "mth4_linked_acct_id",
                "mth4_prod_code",
                "mth4_region",
                "mth4_servicecode",
                "mth4_operation",
                "mth4_usage_type",
                "mth4_charge_type",
                "mth4_pricing_term",
                "mth4_clock_speed",
                "mth4_inst_family",
                "mth4_instance",
                "mth4_instance_type_family",
                "mth4_vcpu_count",
                "mth4_year",
                "mth4_month",
                "mth4_instance_id",
                "mth4_instance_family",
                "mth4_r_points",
                "mth4_instance_points",
                "mth5_bill_payer_account_id",
                "mth5_linked_acct_id",
                "mth5_prod_code",
                "mth5_region",
                "mth5_servicecode",
                "mth5_operation",
                "mth5_usage_type",
                "mth5_charge_type",
                "mth5_pricing_term",
                "mth5_clock_speed",
                "mth5_inst_family",
                "mth5_instance",
                "mth5_instance_type_family",
                "mth5_vcpu_count",
                "mth5_year",
                "mth5_month",
                "mth5_instance_id",
                "mth5_instance_family",
                "mth5_r_points",
                "mth5_instance_points",
                "cur_mth_instance_hrs",
                "cur_mth_od_cost",
                "cur_mth_sp_cost",
                "prev_mth_instance_hrs",
                "prev_mth_od_cost",
                "prev_mth_sp_cost",
                "instance_hrs_var",
                "od_cost_var",
                "sp_cost_var",
                "cur_mth_vcpu_hours",
                "cur_mth_spot_vcpu_hours",
                "cur_mth_ec2_sustainability_points",
                "cur_mth_instance_cost",
                "cur_mth_cost_per_sus_point",
                "prev_mth_vcpu_hours",
                "prev_mth_spot_vcpu_hours",
                "prev_mth_ec2_sustainability_points",
                "prev_mth_instance_cost",
                "prev_mth_cost_per_sus_point",
                "od_savings",
                "od_inc_cost",
                "sp_savings",
                "sp_inc_cost",
                "inc_vcpu_hours",
                "savings_vcpu_hours",
                "inc_spot_vcpu_hours",
                "savings_spot_vcpu_hours",
                "inc_ec2_sustainability_points",
                "savings_ec2_sustainability_points",
                "inc_instance_cost",
                "savings_instance_cost",
                "inc_cost_per_sus_point",
                "savings_cost_per_sus_point"
              ]
            }
          }
        ],
        "Source": {
          "PhysicalTableId": "721afb6e-f769-44f4-b65b-8264ca93c5be"
        }
      }
    },
    "ImportMode": "SPICE",
    "Permissions": [
        {
          "Principal": "${user_arn}",
          "Actions": [
            "quicksight:UpdateDataSetPermissions",
            "quicksight:DescribeDataSet",
            "quicksight:DescribeDataSetPermissions",
            "quicksight:PassDataSet",
            "quicksight:DescribeIngestion",
            "quicksight:ListIngestions",
            "quicksight:UpdateDataSet",
            "quicksight:DeleteDataSet",
            "quicksight:CreateIngestion",
            "quicksight:CancelIngestion"
          ]
        }
    ]
}