{
    "DataSetId": "aca53b79-d45b-468f-8ea7-23d7387c46c9",
    "Name": "join_mth_10_mth_11",
    "PhysicalTableMap": {
      "cd050578-d34c-4472-a5d6-d7d80fccf9f1": {
        "RelationalTable": {
          "DataSourceArn": "${athena_datasource_arn}",
          "Catalog": "AwsDataCatalog",
          "Schema": "${athena_database_name}",
          "Name": "join_mth_10_mth_11",
          "InputColumns": [
            {
              "Name": "mth10_bill_payer_account_id",
              "Type": "STRING"
            },
            {
              "Name": "mth10_linked_acct_id",
              "Type": "STRING"
            },
            {
              "Name": "mth10_prod_code",
              "Type": "STRING"
            },
            {
              "Name": "mth10_resource_id",
              "Type": "STRING"
            },
            {
              "Name": "mth10_description",
              "Type": "STRING"
            },
            {
              "Name": "mth10_charge_type",
              "Type": "STRING"
            },
            {
              "Name": "mth10_operation",
              "Type": "STRING"
            },
            {
              "Name": "mth10_unblended_rate",
              "Type": "STRING"
            },
            {
              "Name": "mth10_instance",
              "Type": "STRING"
            },
            {
              "Name": "mth10_prod_family",
              "Type": "STRING"
            },
            {
              "Name": "mth10_instance_family",
              "Type": "STRING"
            },
            {
              "Name": "mth10_instance_type",
              "Type": "STRING"
            },
            {
              "Name": "mth10_instance_type_family",
              "Type": "STRING"
            },
            {
              "Name": "mth10_tenancy",
              "Type": "STRING"
            },
            {
              "Name": "mth10_region",
              "Type": "STRING"
            },
            {
              "Name": "mth10_location_type",
              "Type": "STRING"
            },
            {
              "Name": "mth10_operating_system",
              "Type": "STRING"
            },
            {
              "Name": "mth10_sp_arn",
              "Type": "STRING"
            },
            {
              "Name": "mth10_sp_rate",
              "Type": "INTEGER"
            },
            {
              "Name": "mth10_storage_class",
              "Type": "STRING"
            },
            {
              "Name": "mth10_year",
              "Type": "STRING"
            },
            {
              "Name": "mth10_month",
              "Type": "STRING"
            },
            {
              "Name": "mth10_payer",
              "Type": "STRING"
            },
            {
              "Name": "join_10_11_payer",
              "Type": "STRING"
            },
            {
              "Name": "join_10_11_linked_acct_id",
              "Type": "STRING"
            },
            {
              "Name": "join_10_11_prod_code",
              "Type": "STRING"
            },
            {
              "Name": "join_10_11_resource_id",
              "Type": "STRING"
            },
            {
              "Name": "join_10_11_charge_type",
              "Type": "STRING"
            },
            {
              "Name": "join_10_11_operation",
              "Type": "STRING"
            },
            {
              "Name": "join_10_11_prod_family",
              "Type": "STRING"
            },
            {
              "Name": "join_10_11_inst_family",
              "Type": "STRING"
            },
            {
              "Name": "join_10_11_inst_type",
              "Type": "STRING"
            },
            {
              "Name": "join_10_11_tenancy",
              "Type": "STRING"
            },
            {
              "Name": "join_10_11_region",
              "Type": "STRING"
            },
            {
              "Name": "join_10_11_op_system",
              "Type": "STRING"
            },
            {
              "Name": "join_10_11_sp_arn",
              "Type": "STRING"
            },
            {
              "Name": "join_10_11_storage_class",
              "Type": "STRING"
            },
            {
              "Name": "mth11_bill_payer_account_id",
              "Type": "STRING"
            },
            {
              "Name": "mth11_linked_acct_id",
              "Type": "STRING"
            },
            {
              "Name": "mth11_prod_code",
              "Type": "STRING"
            },
            {
              "Name": "mth11_resource_id",
              "Type": "STRING"
            },
            {
              "Name": "mth11_description",
              "Type": "STRING"
            },
            {
              "Name": "mth11_charge_type",
              "Type": "STRING"
            },
            {
              "Name": "mth11_operation",
              "Type": "STRING"
            },
            {
              "Name": "mth11_unblended_rate",
              "Type": "STRING"
            },
            {
              "Name": "mth11_instance",
              "Type": "STRING"
            },
            {
              "Name": "mth11_prod_family",
              "Type": "STRING"
            },
            {
              "Name": "mth11_instance_family",
              "Type": "STRING"
            },
            {
              "Name": "mth11_instance_type",
              "Type": "STRING"
            },
            {
              "Name": "mth11_instance_type_family",
              "Type": "STRING"
            },
            {
              "Name": "mth11_tenancy",
              "Type": "STRING"
            },
            {
              "Name": "mth11_region",
              "Type": "STRING"
            },
            {
              "Name": "mth11_location_type",
              "Type": "STRING"
            },
            {
              "Name": "mth11_operating_system",
              "Type": "STRING"
            },
            {
              "Name": "mth11_sp_arn",
              "Type": "STRING"
            },
            {
              "Name": "mth11_sp_rate",
              "Type": "INTEGER"
            },
            {
              "Name": "mth11_storage_class",
              "Type": "STRING"
            },
            {
              "Name": "mth11_year",
              "Type": "STRING"
            },
            {
              "Name": "mth11_month",
              "Type": "STRING"
            },
            {
              "Name": "mth11_payer",
              "Type": "STRING"
            },
            {
              "Name": "cur_mth_cost",
              "Type": "DECIMAL"
            },
            {
              "Name": "cur_mth_usg",
              "Type": "DECIMAL"
            },
            {
              "Name": "prev_mth_cost",
              "Type": "DECIMAL"
            },
            {
              "Name": "prev_mth_usg",
              "Type": "DECIMAL"
            },
            {
              "Name": "cost_var",
              "Type": "DECIMAL"
            },
            {
              "Name": "usg_var",
              "Type": "DECIMAL"
            },
            {
              "Name": "savings",
              "Type": "DECIMAL"
            },
            {
              "Name": "inc_cost",
              "Type": "DECIMAL"
            }
          ]
        }
      }
    },
    "LogicalTableMap": {
      "cd050578-d34c-4472-a5d6-d7d80fccf9f1": {
        "Alias": "join_mth_10_mth_11",
        "DataTransforms": [
          {
            "TagColumnOperation": {
              "ColumnName": "mth10_region",
              "Tags": [
                {
                  "ColumnGeographicRole": "STATE"
                }
              ]
            }
          },
          {
            "TagColumnOperation": {
              "ColumnName": "mth11_region",
              "Tags": [
                {
                  "ColumnGeographicRole": "STATE"
                }
              ]
            }
          },
          {
            "ProjectOperation": {
              "ProjectedColumns": [
                "mth10_bill_payer_account_id",
                "mth10_linked_acct_id",
                "mth10_prod_code",
                "mth10_resource_id",
                "mth10_description",
                "mth10_charge_type",
                "mth10_operation",
                "mth10_unblended_rate",
                "mth10_instance",
                "mth10_prod_family",
                "mth10_instance_family",
                "mth10_instance_type",
                "mth10_instance_type_family",
                "mth10_tenancy",
                "mth10_region",
                "mth10_location_type",
                "mth10_operating_system",
                "mth10_sp_arn",
                "mth10_sp_rate",
                "mth10_storage_class",
                "mth10_year",
                "mth10_month",
                "mth10_payer",
                "join_10_11_payer",
                "join_10_11_linked_acct_id",
                "join_10_11_prod_code",
                "join_10_11_resource_id",
                "join_10_11_charge_type",
                "join_10_11_operation",
                "join_10_11_prod_family",
                "join_10_11_inst_family",
                "join_10_11_inst_type",
                "join_10_11_tenancy",
                "join_10_11_region",
                "join_10_11_op_system",
                "join_10_11_sp_arn",
                "join_10_11_storage_class",
                "mth11_bill_payer_account_id",
                "mth11_linked_acct_id",
                "mth11_prod_code",
                "mth11_resource_id",
                "mth11_description",
                "mth11_charge_type",
                "mth11_operation",
                "mth11_unblended_rate",
                "mth11_instance",
                "mth11_prod_family",
                "mth11_instance_family",
                "mth11_instance_type",
                "mth11_instance_type_family",
                "mth11_tenancy",
                "mth11_region",
                "mth11_location_type",
                "mth11_operating_system",
                "mth11_sp_arn",
                "mth11_sp_rate",
                "mth11_storage_class",
                "mth11_year",
                "mth11_month",
                "mth11_payer",
                "cur_mth_cost",
                "cur_mth_usg",
                "prev_mth_cost",
                "prev_mth_usg",
                "cost_var",
                "usg_var",
                "savings",
                "inc_cost"
              ]
            }
          }
        ],
        "Source": {
          "PhysicalTableId": "cd050578-d34c-4472-a5d6-d7d80fccf9f1"
        }
      }
    },
    "ImportMode": "SPICE",
    "Permissions": [
        {
          "Principal": "${user_arn}",
          "Actions": [
            "quicksight:UpdateDataSetPermissions",
            "quicksight:DescribeDataSet",
            "quicksight:DescribeDataSetPermissions",
            "quicksight:PassDataSet",
            "quicksight:DescribeIngestion",
            "quicksight:ListIngestions",
            "quicksight:UpdateDataSet",
            "quicksight:DeleteDataSet",
            "quicksight:CreateIngestion",
            "quicksight:CancelIngestion"
          ]
        }
    ]
}