{
    "DataSetId": "6029a576-fe73-4a92-a0c8-3cfd89e6a9e8",
    "Name": "join_mth_11_mth_12",
    "PhysicalTableMap": {
      "d7eb4af4-d845-463d-972e-f5d005917392": {
        "RelationalTable": {
          "DataSourceArn": "${athena_datasource_arn}",
          "Catalog": "AwsDataCatalog",
          "Schema": "${athena_database_name}",
          "Name": "join_mth_11_mth_12",
          "InputColumns": [
            {
              "Name": "mth11_bill_payer_account_id",
              "Type": "STRING"
            },
            {
              "Name": "mth11_linked_acct_id",
              "Type": "STRING"
            },
            {
              "Name": "mth11_prod_code",
              "Type": "STRING"
            },
            {
              "Name": "mth11_resource_id",
              "Type": "STRING"
            },
            {
              "Name": "mth11_description",
              "Type": "STRING"
            },
            {
              "Name": "mth11_charge_type",
              "Type": "STRING"
            },
            {
              "Name": "mth11_operation",
              "Type": "STRING"
            },
            {
              "Name": "mth11_unblended_rate",
              "Type": "STRING"
            },
            {
              "Name": "mth11_instance",
              "Type": "STRING"
            },
            {
              "Name": "mth11_prod_family",
              "Type": "STRING"
            },
            {
              "Name": "mth11_instance_family",
              "Type": "STRING"
            },
            {
              "Name": "mth11_instance_type",
              "Type": "STRING"
            },
            {
              "Name": "mth11_instance_type_family",
              "Type": "STRING"
            },
            {
              "Name": "mth11_tenancy",
              "Type": "STRING"
            },
            {
              "Name": "mth11_region",
              "Type": "STRING"
            },
            {
              "Name": "mth11_location_type",
              "Type": "STRING"
            },
            {
              "Name": "mth11_operating_system",
              "Type": "STRING"
            },
            {
              "Name": "mth11_sp_arn",
              "Type": "STRING"
            },
            {
              "Name": "mth11_sp_rate",
              "Type": "INTEGER"
            },
            {
              "Name": "mth11_storage_class",
              "Type": "STRING"
            },
            {
              "Name": "mth11_year",
              "Type": "STRING"
            },
            {
              "Name": "mth11_month",
              "Type": "STRING"
            },
            {
              "Name": "mth11_payer",
              "Type": "STRING"
            },
            {
              "Name": "join_11_12_payer",
              "Type": "STRING"
            },
            {
              "Name": "join_11_12_linked_acct_id",
              "Type": "STRING"
            },
            {
              "Name": "join_11_12_prod_code",
              "Type": "STRING"
            },
            {
              "Name": "join_11_12_resource_id",
              "Type": "STRING"
            },
            {
              "Name": "join_11_12_charge_type",
              "Type": "STRING"
            },
            {
              "Name": "join_11_12_operation",
              "Type": "STRING"
            },
            {
              "Name": "join_11_12_prod_family",
              "Type": "STRING"
            },
            {
              "Name": "join_11_12_inst_family",
              "Type": "STRING"
            },
            {
              "Name": "join_11_12_inst_type",
              "Type": "STRING"
            },
            {
              "Name": "join_11_12_tenancy",
              "Type": "STRING"
            },
            {
              "Name": "join_11_12_region",
              "Type": "STRING"
            },
            {
              "Name": "join_11_12_op_system",
              "Type": "STRING"
            },
            {
              "Name": "join_11_12_sp_arn",
              "Type": "STRING"
            },
            {
              "Name": "join_11_12_storage_class",
              "Type": "STRING"
            },
            {
              "Name": "mth12_bill_payer_account_id",
              "Type": "STRING"
            },
            {
              "Name": "mth12_linked_acct_id",
              "Type": "STRING"
            },
            {
              "Name": "mth12_prod_code",
              "Type": "STRING"
            },
            {
              "Name": "mth12_resource_id",
              "Type": "STRING"
            },
            {
              "Name": "mth12_description",
              "Type": "STRING"
            },
            {
              "Name": "mth12_charge_type",
              "Type": "STRING"
            },
            {
              "Name": "mth12_operation",
              "Type": "STRING"
            },
            {
              "Name": "mth12_unblended_rate",
              "Type": "STRING"
            },
            {
              "Name": "mth12_instance",
              "Type": "STRING"
            },
            {
              "Name": "mth12_prod_family",
              "Type": "STRING"
            },
            {
              "Name": "mth12_instance_family",
              "Type": "STRING"
            },
            {
              "Name": "mth12_instance_type",
              "Type": "STRING"
            },
            {
              "Name": "mth12_instance_type_family",
              "Type": "STRING"
            },
            {
              "Name": "mth12_tenancy",
              "Type": "STRING"
            },
            {
              "Name": "mth12_region",
              "Type": "STRING"
            },
            {
              "Name": "mth12_location_type",
              "Type": "STRING"
            },
            {
              "Name": "mth12_operating_system",
              "Type": "STRING"
            },
            {
              "Name": "mth12_sp_arn",
              "Type": "STRING"
            },
            {
              "Name": "mth12_sp_rate",
              "Type": "INTEGER"
            },
            {
              "Name": "mth12_storage_class",
              "Type": "STRING"
            },
            {
              "Name": "mth12_year",
              "Type": "STRING"
            },
            {
              "Name": "mth12_month",
              "Type": "STRING"
            },
            {
              "Name": "mth12_payer",
              "Type": "STRING"
            },
            {
              "Name": "cur_mth_cost",
              "Type": "DECIMAL"
            },
            {
              "Name": "cur_mth_usg",
              "Type": "DECIMAL"
            },
            {
              "Name": "prev_mth_cost",
              "Type": "DECIMAL"
            },
            {
              "Name": "prev_mth_usg",
              "Type": "DECIMAL"
            },
            {
              "Name": "cost_var",
              "Type": "DECIMAL"
            },
            {
              "Name": "usg_var",
              "Type": "DECIMAL"
            },
            {
              "Name": "savings",
              "Type": "DECIMAL"
            },
            {
              "Name": "inc_cost",
              "Type": "DECIMAL"
            }
          ]
        }
      }
    },
    "LogicalTableMap": {
      "d7eb4af4-d845-463d-972e-f5d005917392": {
        "Alias": "join_mth_11_mth_12",
        "DataTransforms": [
          {
            "TagColumnOperation": {
              "ColumnName": "mth11_region",
              "Tags": [
                {
                  "ColumnGeographicRole": "STATE"
                }
              ]
            }
          },
          {
            "TagColumnOperation": {
              "ColumnName": "mth12_region",
              "Tags": [
                {
                  "ColumnGeographicRole": "STATE"
                }
              ]
            }
          },
          {
            "ProjectOperation": {
              "ProjectedColumns": [
                "mth11_bill_payer_account_id",
                "mth11_linked_acct_id",
                "mth11_prod_code",
                "mth11_resource_id",
                "mth11_description",
                "mth11_charge_type",
                "mth11_operation",
                "mth11_unblended_rate",
                "mth11_instance",
                "mth11_prod_family",
                "mth11_instance_family",
                "mth11_instance_type",
                "mth11_instance_type_family",
                "mth11_tenancy",
                "mth11_region",
                "mth11_location_type",
                "mth11_operating_system",
                "mth11_sp_arn",
                "mth11_sp_rate",
                "mth11_storage_class",
                "mth11_year",
                "mth11_month",
                "mth11_payer",
                "join_11_12_payer",
                "join_11_12_linked_acct_id",
                "join_11_12_prod_code",
                "join_11_12_resource_id",
                "join_11_12_charge_type",
                "join_11_12_operation",
                "join_11_12_prod_family",
                "join_11_12_inst_family",
                "join_11_12_inst_type",
                "join_11_12_tenancy",
                "join_11_12_region",
                "join_11_12_op_system",
                "join_11_12_sp_arn",
                "join_11_12_storage_class",
                "mth12_bill_payer_account_id",
                "mth12_linked_acct_id",
                "mth12_prod_code",
                "mth12_resource_id",
                "mth12_description",
                "mth12_charge_type",
                "mth12_operation",
                "mth12_unblended_rate",
                "mth12_instance",
                "mth12_prod_family",
                "mth12_instance_family",
                "mth12_instance_type",
                "mth12_instance_type_family",
                "mth12_tenancy",
                "mth12_region",
                "mth12_location_type",
                "mth12_operating_system",
                "mth12_sp_arn",
                "mth12_sp_rate",
                "mth12_storage_class",
                "mth12_year",
                "mth12_month",
                "mth12_payer",
                "cur_mth_cost",
                "cur_mth_usg",
                "prev_mth_cost",
                "prev_mth_usg",
                "cost_var",
                "usg_var",
                "savings",
                "inc_cost"
              ]
            }
          }
        ],
        "Source": {
          "PhysicalTableId": "d7eb4af4-d845-463d-972e-f5d005917392"
        }
      }
    },
    "ImportMode": "SPICE",
    "Permissions": [
        {
          "Principal": "${user_arn}",
          "Actions": [
            "quicksight:UpdateDataSetPermissions",
            "quicksight:DescribeDataSet",
            "quicksight:DescribeDataSetPermissions",
            "quicksight:PassDataSet",
            "quicksight:DescribeIngestion",
            "quicksight:ListIngestions",
            "quicksight:UpdateDataSet",
            "quicksight:DeleteDataSet",
            "quicksight:CreateIngestion",
            "quicksight:CancelIngestion"
          ]
        }
    ]
}