{
    "DataSetId": "7ddae8df-0388-41e8-99e0-3030fe14c5f8",
    "Name": "join_mth_1_mth_2",
    "PhysicalTableMap": {
      "7558e8f1-e9eb-419d-ae78-a41fb6ebaf8f": {
        "RelationalTable": {
          "DataSourceArn": "${athena_datasource_arn}",
          "Catalog": "AwsDataCatalog",
          "Schema": "${athena_database_name}",
          "Name": "join_mth_1_mth_2",
          "InputColumns": [
            {
              "Name": "mth1_bill_payer_account_id",
              "Type": "STRING"
            },
            {
              "Name": "mth1_linked_acct_id",
              "Type": "STRING"
            },
            {
              "Name": "mth1_prod_code",
              "Type": "STRING"
            },
            {
              "Name": "mth1_resource_id",
              "Type": "STRING"
            },
            {
              "Name": "mth1_description",
              "Type": "STRING"
            },
            {
              "Name": "mth1_charge_type",
              "Type": "STRING"
            },
            {
              "Name": "mth1_operation",
              "Type": "STRING"
            },
            {
              "Name": "mth1_unblended_rate",
              "Type": "DECIMAL"
            },
            {
              "Name": "mth1_instance",
              "Type": "STRING"
            },
            {
              "Name": "mth1_prod_family",
              "Type": "STRING"
            },
            {
              "Name": "mth1_instance_family",
              "Type": "STRING"
            },
            {
              "Name": "mth1_instance_type",
              "Type": "STRING"
            },
            {
              "Name": "mth1_instance_type_family",
              "Type": "STRING"
            },
            {
              "Name": "mth1_tenancy",
              "Type": "STRING"
            },
            {
              "Name": "mth1_region",
              "Type": "STRING"
            },
            {
              "Name": "mth1_location_type",
              "Type": "STRING"
            },
            {
              "Name": "mth1_operating_system",
              "Type": "STRING"
            },
            {
              "Name": "mth1_sp_arn",
              "Type": "STRING"
            },
            {
              "Name": "mth1_sp_rate",
              "Type": "INTEGER"
            },
            {
              "Name": "mth1_storage_class",
              "Type": "STRING"
            },
            {
              "Name": "mth1_year",
              "Type": "STRING"
            },
            {
              "Name": "mth1_month",
              "Type": "STRING"
            },
            {
              "Name": "mth1_payer",
              "Type": "STRING"
            },
            {
              "Name": "join_1_2_payer",
              "Type": "STRING"
            },
            {
              "Name": "join_1_2_linked_acct_id",
              "Type": "STRING"
            },
            {
              "Name": "join_1_2_prod_code",
              "Type": "STRING"
            },
            {
              "Name": "join_1_2_resource_id",
              "Type": "STRING"
            },
            {
              "Name": "join_1_2_charge_type",
              "Type": "STRING"
            },
            {
              "Name": "join_1_2_operation",
              "Type": "STRING"
            },
            {
              "Name": "join_1_2_prod_family",
              "Type": "STRING"
            },
            {
              "Name": "join_1_2_inst_family",
              "Type": "STRING"
            },
            {
              "Name": "join_1_2_inst_type",
              "Type": "STRING"
            },
            {
              "Name": "join_1_2_tenancy",
              "Type": "STRING"
            },
            {
              "Name": "join_1_2_region",
              "Type": "STRING"
            },
            {
              "Name": "join_1_2_op_system",
              "Type": "STRING"
            },
            {
              "Name": "join_1_2_sp_arn",
              "Type": "STRING"
            },
            {
              "Name": "join_1_2_storage_class",
              "Type": "STRING"
            },
            {
              "Name": "mth2_bill_payer_account_id",
              "Type": "STRING"
            },
            {
              "Name": "mth2_linked_acct_id",
              "Type": "STRING"
            },
            {
              "Name": "mth2_prod_code",
              "Type": "STRING"
            },
            {
              "Name": "mth2_resource_id",
              "Type": "STRING"
            },
            {
              "Name": "mth2_description",
              "Type": "STRING"
            },
            {
              "Name": "mth2_charge_type",
              "Type": "STRING"
            },
            {
              "Name": "mth2_operation",
              "Type": "STRING"
            },
            {
              "Name": "mth2_unblended_rate",
              "Type": "DECIMAL"
            },
            {
              "Name": "mth2_instance",
              "Type": "STRING"
            },
            {
              "Name": "mth2_prod_family",
              "Type": "STRING"
            },
            {
              "Name": "mth2_instance_family",
              "Type": "STRING"
            },
            {
              "Name": "mth2_instance_type",
              "Type": "STRING"
            },
            {
              "Name": "mth2_instance_type_family",
              "Type": "STRING"
            },
            {
              "Name": "mth2_tenancy",
              "Type": "STRING"
            },
            {
              "Name": "mth2_region",
              "Type": "STRING"
            },
            {
              "Name": "mth2_location_type",
              "Type": "STRING"
            },
            {
              "Name": "mth2_operating_system",
              "Type": "STRING"
            },
            {
              "Name": "mth2_sp_arn",
              "Type": "STRING"
            },
            {
              "Name": "mth2_sp_rate",
              "Type": "INTEGER"
            },
            {
              "Name": "mth2_storage_class",
              "Type": "STRING"
            },
            {
              "Name": "mth2_year",
              "Type": "STRING"
            },
            {
              "Name": "mth2_month",
              "Type": "STRING"
            },
            {
              "Name": "mth2_payer",
              "Type": "STRING"
            },
            {
              "Name": "cur_mth_cost",
              "Type": "DECIMAL"
            },
            {
              "Name": "cur_mth_usg",
              "Type": "DECIMAL"
            },
            {
              "Name": "prev_mth_cost",
              "Type": "DECIMAL"
            },
            {
              "Name": "prev_mth_usg",
              "Type": "DECIMAL"
            },
            {
              "Name": "cost_var",
              "Type": "DECIMAL"
            },
            {
              "Name": "usg_var",
              "Type": "DECIMAL"
            },
            {
              "Name": "savings",
              "Type": "DECIMAL"
            },
            {
              "Name": "inc_cost",
              "Type": "DECIMAL"
            }
          ]
        }
      }
    },
    "LogicalTableMap": {
      "7558e8f1-e9eb-419d-ae78-a41fb6ebaf8f": {
        "Alias": "join_mth_1_mth_2",
        "DataTransforms": [
          {
            "TagColumnOperation": {
              "ColumnName": "mth1_region",
              "Tags": [
                {
                  "ColumnGeographicRole": "STATE"
                }
              ]
            }
          },
          {
            "TagColumnOperation": {
              "ColumnName": "mth2_region",
              "Tags": [
                {
                  "ColumnGeographicRole": "STATE"
                }
              ]
            }
          },
          {
            "ProjectOperation": {
              "ProjectedColumns": [
                "mth1_bill_payer_account_id",
                "mth1_linked_acct_id",
                "mth1_prod_code",
                "mth1_resource_id",
                "mth1_description",
                "mth1_charge_type",
                "mth1_operation",
                "mth1_unblended_rate",
                "mth1_instance",
                "mth1_prod_family",
                "mth1_instance_family",
                "mth1_instance_type",
                "mth1_instance_type_family",
                "mth1_tenancy",
                "mth1_region",
                "mth1_location_type",
                "mth1_operating_system",
                "mth1_sp_arn",
                "mth1_sp_rate",
                "mth1_storage_class",
                "mth1_year",
                "mth1_month",
                "mth1_payer",
                "join_1_2_payer",
                "join_1_2_linked_acct_id",
                "join_1_2_prod_code",
                "join_1_2_resource_id",
                "join_1_2_charge_type",
                "join_1_2_operation",
                "join_1_2_prod_family",
                "join_1_2_inst_family",
                "join_1_2_inst_type",
                "join_1_2_tenancy",
                "join_1_2_region",
                "join_1_2_op_system",
                "join_1_2_sp_arn",
                "join_1_2_storage_class",
                "mth2_bill_payer_account_id",
                "mth2_linked_acct_id",
                "mth2_prod_code",
                "mth2_resource_id",
                "mth2_description",
                "mth2_charge_type",
                "mth2_operation",
                "mth2_unblended_rate",
                "mth2_instance",
                "mth2_prod_family",
                "mth2_instance_family",
                "mth2_instance_type",
                "mth2_instance_type_family",
                "mth2_tenancy",
                "mth2_region",
                "mth2_location_type",
                "mth2_operating_system",
                "mth2_sp_arn",
                "mth2_sp_rate",
                "mth2_storage_class",
                "mth2_year",
                "mth2_month",
                "mth2_payer",
                "cur_mth_cost",
                "cur_mth_usg",
                "prev_mth_cost",
                "prev_mth_usg",
                "cost_var",
                "usg_var",
                "savings",
                "inc_cost"
              ]
            }
          }
        ],
        "Source": {
          "PhysicalTableId": "7558e8f1-e9eb-419d-ae78-a41fb6ebaf8f"
        }
      }
    },
    "ImportMode": "SPICE",
    "Permissions": [
        {
          "Principal": "${user_arn}",
          "Actions": [
            "quicksight:UpdateDataSetPermissions",
            "quicksight:DescribeDataSet",
            "quicksight:DescribeDataSetPermissions",
            "quicksight:PassDataSet",
            "quicksight:DescribeIngestion",
            "quicksight:ListIngestions",
            "quicksight:UpdateDataSet",
            "quicksight:DeleteDataSet",
            "quicksight:CreateIngestion",
            "quicksight:CancelIngestion"
          ]
        }
    ]
}