{
    "DataSetId": "e9bf1e89-58a5-433e-bf3d-6bcb13504c3c",
    "Name": "join_mth_4_mth_5",
    "PhysicalTableMap": {
      "574d686f-fc55-4729-ad91-bee060969ff4": {
        "RelationalTable": {
          "DataSourceArn": "${athena_datasource_arn}",
          "Catalog": "AwsDataCatalog",
          "Schema": "${athena_database_name}",
          "Name": "join_mth_4_mth_5",
          "InputColumns": [
            {
              "Name": "mth4_bill_payer_account_id",
              "Type": "STRING"
            },
            {
              "Name": "mth4_linked_acct_id",
              "Type": "STRING"
            },
            {
              "Name": "mth4_prod_code",
              "Type": "STRING"
            },
            {
              "Name": "mth4_resource_id",
              "Type": "STRING"
            },
            {
              "Name": "mth4_description",
              "Type": "STRING"
            },
            {
              "Name": "mth4_charge_type",
              "Type": "STRING"
            },
            {
              "Name": "mth4_operation",
              "Type": "STRING"
            },
            {
              "Name": "mth4_unblended_rate",
              "Type": "DECIMAL"
            },
            {
              "Name": "mth4_instance",
              "Type": "STRING"
            },
            {
              "Name": "mth4_prod_family",
              "Type": "STRING"
            },
            {
              "Name": "mth4_instance_family",
              "Type": "STRING"
            },
            {
              "Name": "mth4_instance_type",
              "Type": "STRING"
            },
            {
              "Name": "mth4_instance_type_family",
              "Type": "STRING"
            },
            {
              "Name": "mth4_tenancy",
              "Type": "STRING"
            },
            {
              "Name": "mth4_region",
              "Type": "STRING"
            },
            {
              "Name": "mth4_location_type",
              "Type": "STRING"
            },
            {
              "Name": "mth4_operating_system",
              "Type": "STRING"
            },
            {
              "Name": "mth4_sp_arn",
              "Type": "STRING"
            },
            {
              "Name": "mth4_sp_rate",
              "Type": "INTEGER"
            },
            {
              "Name": "mth4_storage_class",
              "Type": "STRING"
            },
            {
              "Name": "mth4_year",
              "Type": "STRING"
            },
            {
              "Name": "mth4_month",
              "Type": "STRING"
            },
            {
              "Name": "mth4_payer",
              "Type": "STRING"
            },
            {
              "Name": "join_4_5_payer",
              "Type": "STRING"
            },
            {
              "Name": "join_4_5_linked_acct_id",
              "Type": "STRING"
            },
            {
              "Name": "join_4_5_prod_code",
              "Type": "STRING"
            },
            {
              "Name": "join_4_5_resource_id",
              "Type": "STRING"
            },
            {
              "Name": "join_4_5_charge_type",
              "Type": "STRING"
            },
            {
              "Name": "join_4_5_operation",
              "Type": "STRING"
            },
            {
              "Name": "join_4_5_prod_family",
              "Type": "STRING"
            },
            {
              "Name": "join_4_5_inst_family",
              "Type": "STRING"
            },
            {
              "Name": "join_4_5_inst_type",
              "Type": "STRING"
            },
            {
              "Name": "join_4_5_tenancy",
              "Type": "STRING"
            },
            {
              "Name": "join_4_5_region",
              "Type": "STRING"
            },
            {
              "Name": "join_4_5_op_system",
              "Type": "STRING"
            },
            {
              "Name": "join_4_5_sp_arn",
              "Type": "STRING"
            },
            {
              "Name": "join_4_5_storage_class",
              "Type": "STRING"
            },
            {
              "Name": "mth5_bill_payer_account_id",
              "Type": "STRING"
            },
            {
              "Name": "mth5_linked_acct_id",
              "Type": "STRING"
            },
            {
              "Name": "mth5_prod_code",
              "Type": "STRING"
            },
            {
              "Name": "mth5_resource_id",
              "Type": "STRING"
            },
            {
              "Name": "mth5_description",
              "Type": "STRING"
            },
            {
              "Name": "mth5_charge_type",
              "Type": "STRING"
            },
            {
              "Name": "mth5_operation",
              "Type": "STRING"
            },
            {
              "Name": "mth5_unblended_rate",
              "Type": "DECIMAL"
            },
            {
              "Name": "mth5_instance",
              "Type": "STRING"
            },
            {
              "Name": "mth5_prod_family",
              "Type": "STRING"
            },
            {
              "Name": "mth5_instance_family",
              "Type": "STRING"
            },
            {
              "Name": "mth5_instance_type",
              "Type": "STRING"
            },
            {
              "Name": "mth5_instance_type_family",
              "Type": "STRING"
            },
            {
              "Name": "mth5_tenancy",
              "Type": "STRING"
            },
            {
              "Name": "mth5_region",
              "Type": "STRING"
            },
            {
              "Name": "mth5_location_type",
              "Type": "STRING"
            },
            {
              "Name": "mth5_operating_system",
              "Type": "STRING"
            },
            {
              "Name": "mth5_sp_arn",
              "Type": "STRING"
            },
            {
              "Name": "mth5_sp_rate",
              "Type": "INTEGER"
            },
            {
              "Name": "mth5_storage_class",
              "Type": "STRING"
            },
            {
              "Name": "mth5_year",
              "Type": "STRING"
            },
            {
              "Name": "mth5_month",
              "Type": "STRING"
            },
            {
              "Name": "mth5_payer",
              "Type": "STRING"
            },
            {
              "Name": "cur_mth_cost",
              "Type": "DECIMAL"
            },
            {
              "Name": "cur_mth_usg",
              "Type": "DECIMAL"
            },
            {
              "Name": "prev_mth_cost",
              "Type": "DECIMAL"
            },
            {
              "Name": "prev_mth_usg",
              "Type": "DECIMAL"
            },
            {
              "Name": "cost_var",
              "Type": "DECIMAL"
            },
            {
              "Name": "usg_var",
              "Type": "DECIMAL"
            },
            {
              "Name": "savings",
              "Type": "DECIMAL"
            },
            {
              "Name": "inc_cost",
              "Type": "DECIMAL"
            }
          ]
        }
      }
    },
    "LogicalTableMap": {
      "574d686f-fc55-4729-ad91-bee060969ff4": {
        "Alias": "join_mth_4_mth_5",
        "DataTransforms": [
          {
            "TagColumnOperation": {
              "ColumnName": "mth4_region",
              "Tags": [
                {
                  "ColumnGeographicRole": "STATE"
                }
              ]
            }
          },
          {
            "TagColumnOperation": {
              "ColumnName": "mth5_region",
              "Tags": [
                {
                  "ColumnGeographicRole": "STATE"
                }
              ]
            }
          },
          {
            "ProjectOperation": {
              "ProjectedColumns": [
                "mth4_bill_payer_account_id",
                "mth4_linked_acct_id",
                "mth4_prod_code",
                "mth4_resource_id",
                "mth4_description",
                "mth4_charge_type",
                "mth4_operation",
                "mth4_unblended_rate",
                "mth4_instance",
                "mth4_prod_family",
                "mth4_instance_family",
                "mth4_instance_type",
                "mth4_instance_type_family",
                "mth4_tenancy",
                "mth4_region",
                "mth4_location_type",
                "mth4_operating_system",
                "mth4_sp_arn",
                "mth4_sp_rate",
                "mth4_storage_class",
                "mth4_year",
                "mth4_month",
                "mth4_payer",
                "join_4_5_payer",
                "join_4_5_linked_acct_id",
                "join_4_5_prod_code",
                "join_4_5_resource_id",
                "join_4_5_charge_type",
                "join_4_5_operation",
                "join_4_5_prod_family",
                "join_4_5_inst_family",
                "join_4_5_inst_type",
                "join_4_5_tenancy",
                "join_4_5_region",
                "join_4_5_op_system",
                "join_4_5_sp_arn",
                "join_4_5_storage_class",
                "mth5_bill_payer_account_id",
                "mth5_linked_acct_id",
                "mth5_prod_code",
                "mth5_resource_id",
                "mth5_description",
                "mth5_charge_type",
                "mth5_operation",
                "mth5_unblended_rate",
                "mth5_instance",
                "mth5_prod_family",
                "mth5_instance_family",
                "mth5_instance_type",
                "mth5_instance_type_family",
                "mth5_tenancy",
                "mth5_region",
                "mth5_location_type",
                "mth5_operating_system",
                "mth5_sp_arn",
                "mth5_sp_rate",
                "mth5_storage_class",
                "mth5_year",
                "mth5_month",
                "mth5_payer",
                "cur_mth_cost",
                "cur_mth_usg",
                "prev_mth_cost",
                "prev_mth_usg",
                "cost_var",
                "usg_var",
                "savings",
                "inc_cost"
              ]
            }
          }
        ],
        "Source": {
          "PhysicalTableId": "574d686f-fc55-4729-ad91-bee060969ff4"
        }
      }
    },
    "ImportMode": "SPICE",
    "Permissions": [
        {
          "Principal": "${user_arn}",
          "Actions": [
            "quicksight:UpdateDataSetPermissions",
            "quicksight:DescribeDataSet",
            "quicksight:DescribeDataSetPermissions",
            "quicksight:PassDataSet",
            "quicksight:DescribeIngestion",
            "quicksight:ListIngestions",
            "quicksight:UpdateDataSet",
            "quicksight:DeleteDataSet",
            "quicksight:CreateIngestion",
            "quicksight:CancelIngestion"
          ]
        }
    ]
}