{
    "DataSetId": "4431fc9f-464d-45d8-a3fb-f7d256227a2e",
    "Name": "join_mth_7_mth_8",
    "PhysicalTableMap": {
      "3557d59a-6794-4fa8-a13a-d740f472e739": {
        "RelationalTable": {
          "DataSourceArn": "${athena_datasource_arn}",
          "Catalog": "AwsDataCatalog",
          "Schema": "${athena_database_name}",
          "Name": "join_mth_7_mth_8",
          "InputColumns": [
            {
              "Name": "mth7_bill_payer_account_id",
              "Type": "STRING"
            },
            {
              "Name": "mth7_linked_acct_id",
              "Type": "STRING"
            },
            {
              "Name": "mth7_prod_code",
              "Type": "STRING"
            },
            {
              "Name": "mth7_resource_id",
              "Type": "STRING"
            },
            {
              "Name": "mth7_description",
              "Type": "STRING"
            },
            {
              "Name": "mth7_charge_type",
              "Type": "STRING"
            },
            {
              "Name": "mth7_operation",
              "Type": "STRING"
            },
            {
              "Name": "mth7_unblended_rate",
              "Type": "DECIMAL"
            },
            {
              "Name": "mth7_instance",
              "Type": "STRING"
            },
            {
              "Name": "mth7_prod_family",
              "Type": "STRING"
            },
            {
              "Name": "mth7_instance_family",
              "Type": "STRING"
            },
            {
              "Name": "mth7_instance_type",
              "Type": "STRING"
            },
            {
              "Name": "mth7_instance_type_family",
              "Type": "STRING"
            },
            {
              "Name": "mth7_tenancy",
              "Type": "STRING"
            },
            {
              "Name": "mth7_region",
              "Type": "STRING"
            },
            {
              "Name": "mth7_location_type",
              "Type": "STRING"
            },
            {
              "Name": "mth7_operating_system",
              "Type": "STRING"
            },
            {
              "Name": "mth7_sp_arn",
              "Type": "STRING"
            },
            {
              "Name": "mth7_sp_rate",
              "Type": "INTEGER"
            },
            {
              "Name": "mth7_storage_class",
              "Type": "STRING"
            },
            {
              "Name": "mth7_year",
              "Type": "STRING"
            },
            {
              "Name": "mth7_month",
              "Type": "STRING"
            },
            {
              "Name": "mth7_payer",
              "Type": "STRING"
            },
            {
              "Name": "join_7_8_payer",
              "Type": "STRING"
            },
            {
              "Name": "join_7_8_linked_acct_id",
              "Type": "STRING"
            },
            {
              "Name": "join_7_8_prod_code",
              "Type": "STRING"
            },
            {
              "Name": "join_7_8_resource_id",
              "Type": "STRING"
            },
            {
              "Name": "join_7_8_charge_type",
              "Type": "STRING"
            },
            {
              "Name": "join_7_8_operation",
              "Type": "STRING"
            },
            {
              "Name": "join_7_8_prod_family",
              "Type": "STRING"
            },
            {
              "Name": "join_7_8_inst_family",
              "Type": "STRING"
            },
            {
              "Name": "join_7_8_inst_type",
              "Type": "STRING"
            },
            {
              "Name": "join_7_8_tenancy",
              "Type": "STRING"
            },
            {
              "Name": "join_7_8_region",
              "Type": "STRING"
            },
            {
              "Name": "join_7_8_op_system",
              "Type": "STRING"
            },
            {
              "Name": "join_7_8_sp_arn",
              "Type": "STRING"
            },
            {
              "Name": "join_7_8_storage_class",
              "Type": "STRING"
            },
            {
              "Name": "mth8_bill_payer_account_id",
              "Type": "STRING"
            },
            {
              "Name": "mth8_linked_acct_id",
              "Type": "STRING"
            },
            {
              "Name": "mth8_prod_code",
              "Type": "STRING"
            },
            {
              "Name": "mth8_resource_id",
              "Type": "STRING"
            },
            {
              "Name": "mth8_description",
              "Type": "STRING"
            },
            {
              "Name": "mth8_charge_type",
              "Type": "STRING"
            },
            {
              "Name": "mth8_operation",
              "Type": "STRING"
            },
            {
              "Name": "mth8_unblended_rate",
              "Type": "DECIMAL"
            },
            {
              "Name": "mth8_instance",
              "Type": "STRING"
            },
            {
              "Name": "mth8_prod_family",
              "Type": "STRING"
            },
            {
              "Name": "mth8_instance_family",
              "Type": "STRING"
            },
            {
              "Name": "mth8_instance_type",
              "Type": "STRING"
            },
            {
              "Name": "mth8_instance_type_family",
              "Type": "STRING"
            },
            {
              "Name": "mth8_tenancy",
              "Type": "STRING"
            },
            {
              "Name": "mth8_region",
              "Type": "STRING"
            },
            {
              "Name": "mth8_location_type",
              "Type": "STRING"
            },
            {
              "Name": "mth8_operating_system",
              "Type": "STRING"
            },
            {
              "Name": "mth8_sp_arn",
              "Type": "STRING"
            },
            {
              "Name": "mth8_sp_rate",
              "Type": "INTEGER"
            },
            {
              "Name": "mth8_storage_class",
              "Type": "STRING"
            },
            {
              "Name": "mth8_year",
              "Type": "STRING"
            },
            {
              "Name": "mth8_month",
              "Type": "STRING"
            },
            {
              "Name": "mth8_payer",
              "Type": "STRING"
            },
            {
              "Name": "cur_mth_cost",
              "Type": "DECIMAL"
            },
            {
              "Name": "cur_mth_usg",
              "Type": "DECIMAL"
            },
            {
              "Name": "prev_mth_cost",
              "Type": "DECIMAL"
            },
            {
              "Name": "prev_mth_usg",
              "Type": "DECIMAL"
            },
            {
              "Name": "cost_var",
              "Type": "DECIMAL"
            },
            {
              "Name": "usg_var",
              "Type": "DECIMAL"
            },
            {
              "Name": "savings",
              "Type": "DECIMAL"
            },
            {
              "Name": "inc_cost",
              "Type": "DECIMAL"
            }
          ]
        }
      }
    },
    "LogicalTableMap": {
      "3557d59a-6794-4fa8-a13a-d740f472e739": {
        "Alias": "join_mth_7_mth_8",
        "DataTransforms": [
          {
            "TagColumnOperation": {
              "ColumnName": "mth7_region",
              "Tags": [
                {
                  "ColumnGeographicRole": "STATE"
                }
              ]
            }
          },
          {
            "TagColumnOperation": {
              "ColumnName": "mth8_region",
              "Tags": [
                {
                  "ColumnGeographicRole": "STATE"
                }
              ]
            }
          },
          {
            "ProjectOperation": {
              "ProjectedColumns": [
                "mth7_bill_payer_account_id",
                "mth7_linked_acct_id",
                "mth7_prod_code",
                "mth7_resource_id",
                "mth7_description",
                "mth7_charge_type",
                "mth7_operation",
                "mth7_unblended_rate",
                "mth7_instance",
                "mth7_prod_family",
                "mth7_instance_family",
                "mth7_instance_type",
                "mth7_instance_type_family",
                "mth7_tenancy",
                "mth7_region",
                "mth7_location_type",
                "mth7_operating_system",
                "mth7_sp_arn",
                "mth7_sp_rate",
                "mth7_storage_class",
                "mth7_year",
                "mth7_month",
                "mth7_payer",
                "join_7_8_payer",
                "join_7_8_linked_acct_id",
                "join_7_8_prod_code",
                "join_7_8_resource_id",
                "join_7_8_charge_type",
                "join_7_8_operation",
                "join_7_8_prod_family",
                "join_7_8_inst_family",
                "join_7_8_inst_type",
                "join_7_8_tenancy",
                "join_7_8_region",
                "join_7_8_op_system",
                "join_7_8_sp_arn",
                "join_7_8_storage_class",
                "mth8_bill_payer_account_id",
                "mth8_linked_acct_id",
                "mth8_prod_code",
                "mth8_resource_id",
                "mth8_description",
                "mth8_charge_type",
                "mth8_operation",
                "mth8_unblended_rate",
                "mth8_instance",
                "mth8_prod_family",
                "mth8_instance_family",
                "mth8_instance_type",
                "mth8_instance_type_family",
                "mth8_tenancy",
                "mth8_region",
                "mth8_location_type",
                "mth8_operating_system",
                "mth8_sp_arn",
                "mth8_sp_rate",
                "mth8_storage_class",
                "mth8_year",
                "mth8_month",
                "mth8_payer",
                "cur_mth_cost",
                "cur_mth_usg",
                "prev_mth_cost",
                "prev_mth_usg",
                "cost_var",
                "usg_var",
                "savings",
                "inc_cost"
              ]
            }
          }
        ],
        "Source": {
          "PhysicalTableId": "3557d59a-6794-4fa8-a13a-d740f472e739"
        }
      }
    },
    "ImportMode": "SPICE",
    "Permissions": [
        {
          "Principal": "${user_arn}",
          "Actions": [
            "quicksight:UpdateDataSetPermissions",
            "quicksight:DescribeDataSet",
            "quicksight:DescribeDataSetPermissions",
            "quicksight:PassDataSet",
            "quicksight:DescribeIngestion",
            "quicksight:ListIngestions",
            "quicksight:UpdateDataSet",
            "quicksight:DeleteDataSet",
            "quicksight:CreateIngestion",
            "quicksight:CancelIngestion"
          ]
        }
    ]
}