{
    "DataSetId": "93f9b03b-2aba-4bc2-8e5a-e239a4f41627",
    "Name": "join_mth_9_mth_10_vcpu_hours",
    "PhysicalTableMap": {
      "13b471be-331a-4703-bc13-28e29066558e": {
        "RelationalTable": {
          "DataSourceArn": "${athena_datasource_arn}",
          "Catalog": "AwsDataCatalog",
          "Schema": "${athena_database_name}",
          "Name": "join_mth_9_mth_10_vcpu_hours",
          "InputColumns": [
            {
              "Name": "mth9_bill_payer_account_id",
              "Type": "STRING"
            },
            {
              "Name": "mth9_linked_acct_id",
              "Type": "STRING"
            },
            {
              "Name": "mth9_prod_code",
              "Type": "STRING"
            },
            {
              "Name": "mth9_region",
              "Type": "STRING"
            },
            {
              "Name": "mth9_servicecode",
              "Type": "STRING"
            },
            {
              "Name": "mth9_operation",
              "Type": "STRING"
            },
            {
              "Name": "mth9_usage_type",
              "Type": "STRING"
            },
            {
              "Name": "mth9_charge_type",
              "Type": "STRING"
            },
            {
              "Name": "mth9_pricing_term",
              "Type": "STRING"
            },
            {
              "Name": "mth9_clock_speed",
              "Type": "STRING"
            },
            {
              "Name": "mth9_inst_family",
              "Type": "STRING"
            },
            {
              "Name": "mth9_instance",
              "Type": "STRING"
            },
            {
              "Name": "mth9_instance_type_family",
              "Type": "STRING"
            },
            {
              "Name": "mth9_vcpu_count",
              "Type": "INTEGER"
            },
            {
              "Name": "mth9_year",
              "Type": "STRING"
            },
            {
              "Name": "mth9_month",
              "Type": "STRING"
            },
            {
              "Name": "mth9_instance_id",
              "Type": "STRING"
            },
            {
              "Name": "mth9_instance_family",
              "Type": "STRING"
            },
            {
              "Name": "mth9_r_points",
              "Type": "INTEGER"
            },
            {
              "Name": "mth9_instance_points",
              "Type": "INTEGER"
            },
            {
              "Name": "mth10_bill_payer_account_id",
              "Type": "STRING"
            },
            {
              "Name": "mth10_linked_acct_id",
              "Type": "STRING"
            },
            {
              "Name": "mth10_prod_code",
              "Type": "STRING"
            },
            {
              "Name": "mth10_region",
              "Type": "STRING"
            },
            {
              "Name": "mth10_servicecode",
              "Type": "STRING"
            },
            {
              "Name": "mth10_operation",
              "Type": "STRING"
            },
            {
              "Name": "mth10_usage_type",
              "Type": "STRING"
            },
            {
              "Name": "mth10_charge_type",
              "Type": "STRING"
            },
            {
              "Name": "mth10_pricing_term",
              "Type": "STRING"
            },
            {
              "Name": "mth10_clock_speed",
              "Type": "STRING"
            },
            {
              "Name": "mth10_inst_family",
              "Type": "STRING"
            },
            {
              "Name": "mth10_instance",
              "Type": "STRING"
            },
            {
              "Name": "mth10_instance_type_family",
              "Type": "STRING"
            },
            {
              "Name": "mth10_vcpu_count",
              "Type": "INTEGER"
            },
            {
              "Name": "mth10_year",
              "Type": "STRING"
            },
            {
              "Name": "mth10_month",
              "Type": "STRING"
            },
            {
              "Name": "mth10_instance_id",
              "Type": "STRING"
            },
            {
              "Name": "mth10_instance_family",
              "Type": "STRING"
            },
            {
              "Name": "mth10_r_points",
              "Type": "INTEGER"
            },
            {
              "Name": "mth10_instance_points",
              "Type": "INTEGER"
            },
            {
              "Name": "cur_mth_instance_hrs",
              "Type": "DECIMAL"
            },
            {
              "Name": "cur_mth_od_cost",
              "Type": "DECIMAL"
            },
            {
              "Name": "cur_mth_sp_cost",
              "Type": "DECIMAL"
            },
            {
              "Name": "prev_mth_instance_hrs",
              "Type": "DECIMAL"
            },
            {
              "Name": "prev_mth_od_cost",
              "Type": "DECIMAL"
            },
            {
              "Name": "prev_mth_sp_cost",
              "Type": "DECIMAL"
            },
            {
              "Name": "instance_hrs_var",
              "Type": "DECIMAL"
            },
            {
              "Name": "od_cost_var",
              "Type": "DECIMAL"
            },
            {
              "Name": "sp_cost_var",
              "Type": "DECIMAL"
            },
            {
              "Name": "cur_mth_vcpu_hours",
              "Type": "DECIMAL"
            },
            {
              "Name": "cur_mth_spot_vcpu_hours",
              "Type": "DECIMAL"
            },
            {
              "Name": "cur_mth_ec2_sustainability_points",
              "Type": "DECIMAL"
            },
            {
              "Name": "cur_mth_instance_cost",
              "Type": "DECIMAL"
            },
            {
              "Name": "cur_mth_cost_per_sus_point",
              "Type": "DECIMAL"
            },
            {
              "Name": "prev_mth_vcpu_hours",
              "Type": "DECIMAL"
            },
            {
              "Name": "prev_mth_spot_vcpu_hours",
              "Type": "DECIMAL"
            },
            {
              "Name": "prev_mth_ec2_sustainability_points",
              "Type": "DECIMAL"
            },
            {
              "Name": "prev_mth_instance_cost",
              "Type": "DECIMAL"
            },
            {
              "Name": "prev_mth_cost_per_sus_point",
              "Type": "DECIMAL"
            },
            {
              "Name": "od_savings",
              "Type": "DECIMAL"
            },
            {
              "Name": "od_inc_cost",
              "Type": "DECIMAL"
            },
            {
              "Name": "sp_savings",
              "Type": "DECIMAL"
            },
            {
              "Name": "sp_inc_cost",
              "Type": "DECIMAL"
            },
            {
              "Name": "inc_vcpu_hours",
              "Type": "DECIMAL"
            },
            {
              "Name": "savings_vcpu_hours",
              "Type": "DECIMAL"
            },
            {
              "Name": "inc_spot_vcpu_hours",
              "Type": "DECIMAL"
            },
            {
              "Name": "savings_spot_vcpu_hours",
              "Type": "DECIMAL"
            },
            {
              "Name": "inc_ec2_sustainability_points",
              "Type": "DECIMAL"
            },
            {
              "Name": "savings_ec2_sustainability_points",
              "Type": "DECIMAL"
            },
            {
              "Name": "inc_instance_cost",
              "Type": "DECIMAL"
            },
            {
              "Name": "savings_instance_cost",
              "Type": "DECIMAL"
            },
            {
              "Name": "inc_cost_per_sus_point",
              "Type": "DECIMAL"
            },
            {
              "Name": "savings_cost_per_sus_point",
              "Type": "DECIMAL"
            }
          ]
        }
      }
    },
    "LogicalTableMap": {
      "13b471be-331a-4703-bc13-28e29066558e": {
        "Alias": "join_mth_9_mth_10_vcpu_hours",
        "DataTransforms": [
          {
            "TagColumnOperation": {
              "ColumnName": "mth9_region",
              "Tags": [
                {
                  "ColumnGeographicRole": "STATE"
                }
              ]
            }
          },
          {
            "TagColumnOperation": {
              "ColumnName": "mth10_region",
              "Tags": [
                {
                  "ColumnGeographicRole": "STATE"
                }
              ]
            }
          },
          {
            "ProjectOperation": {
              "ProjectedColumns": [
                "mth9_bill_payer_account_id",
                "mth9_linked_acct_id",
                "mth9_prod_code",
                "mth9_region",
                "mth9_servicecode",
                "mth9_operation",
                "mth9_usage_type",
                "mth9_charge_type",
                "mth9_pricing_term",
                "mth9_clock_speed",
                "mth9_inst_family",
                "mth9_instance",
                "mth9_instance_type_family",
                "mth9_vcpu_count",
                "mth9_year",
                "mth9_month",
                "mth9_instance_id",
                "mth9_instance_family",
                "mth9_r_points",
                "mth9_instance_points",
                "mth10_bill_payer_account_id",
                "mth10_linked_acct_id",
                "mth10_prod_code",
                "mth10_region",
                "mth10_servicecode",
                "mth10_operation",
                "mth10_usage_type",
                "mth10_charge_type",
                "mth10_pricing_term",
                "mth10_clock_speed",
                "mth10_inst_family",
                "mth10_instance",
                "mth10_instance_type_family",
                "mth10_vcpu_count",
                "mth10_year",
                "mth10_month",
                "mth10_instance_id",
                "mth10_instance_family",
                "mth10_r_points",
                "mth10_instance_points",
                "cur_mth_instance_hrs",
                "cur_mth_od_cost",
                "cur_mth_sp_cost",
                "prev_mth_instance_hrs",
                "prev_mth_od_cost",
                "prev_mth_sp_cost",
                "instance_hrs_var",
                "od_cost_var",
                "sp_cost_var",
                "cur_mth_vcpu_hours",
                "cur_mth_spot_vcpu_hours",
                "cur_mth_ec2_sustainability_points",
                "cur_mth_instance_cost",
                "cur_mth_cost_per_sus_point",
                "prev_mth_vcpu_hours",
                "prev_mth_spot_vcpu_hours",
                "prev_mth_ec2_sustainability_points",
                "prev_mth_instance_cost",
                "prev_mth_cost_per_sus_point",
                "od_savings",
                "od_inc_cost",
                "sp_savings",
                "sp_inc_cost",
                "inc_vcpu_hours",
                "savings_vcpu_hours",
                "inc_spot_vcpu_hours",
                "savings_spot_vcpu_hours",
                "inc_ec2_sustainability_points",
                "savings_ec2_sustainability_points",
                "inc_instance_cost",
                "savings_instance_cost",
                "inc_cost_per_sus_point",
                "savings_cost_per_sus_point"
              ]
            }
          }
        ],
        "Source": {
          "PhysicalTableId": "13b471be-331a-4703-bc13-28e29066558e"
        }
      }
    },
    "ImportMode": "SPICE",
    "Permissions": [
        {
          "Principal": "${user_arn}",
          "Actions": [
            "quicksight:UpdateDataSetPermissions",
            "quicksight:DescribeDataSet",
            "quicksight:DescribeDataSetPermissions",
            "quicksight:PassDataSet",
            "quicksight:DescribeIngestion",
            "quicksight:ListIngestions",
            "quicksight:UpdateDataSet",
            "quicksight:DeleteDataSet",
            "quicksight:CreateIngestion",
            "quicksight:CancelIngestion"
          ]
        }
    ]
}