{
    "DataSetId": "fa4a9aea-448c-4c18-ab51-99db3ec7ddda",
    "Name": "join_mth_8_mth_9",
    "PhysicalTableMap": {
      "96c91fa9-4a3b-40d6-9d49-aadaf8227ce6": {
        "RelationalTable": {
          "DataSourceArn": "${athena_datasource_arn}",
          "Catalog": "AwsDataCatalog",
          "Schema": "${athena_database_name}",
          "Name": "join_mth_8_mth_9",
          "InputColumns": [
            {
              "Name": "mth8_bill_payer_account_id",
              "Type": "STRING"
            },
            {
              "Name": "mth8_linked_acct_id",
              "Type": "STRING"
            },
            {
              "Name": "mth8_prod_code",
              "Type": "STRING"
            },
            {
              "Name": "mth8_resource_id",
              "Type": "STRING"
            },
            {
              "Name": "mth8_description",
              "Type": "STRING"
            },
            {
              "Name": "mth8_charge_type",
              "Type": "STRING"
            },
            {
              "Name": "mth8_operation",
              "Type": "STRING"
            },
            {
              "Name": "mth8_unblended_rate",
              "Type": "DECIMAL"
            },
            {
              "Name": "mth8_instance",
              "Type": "STRING"
            },
            {
              "Name": "mth8_prod_family",
              "Type": "STRING"
            },
            {
              "Name": "mth8_instance_family",
              "Type": "STRING"
            },
            {
              "Name": "mth8_instance_type",
              "Type": "STRING"
            },
            {
              "Name": "mth8_instance_type_family",
              "Type": "STRING"
            },
            {
              "Name": "mth8_tenancy",
              "Type": "STRING"
            },
            {
              "Name": "mth8_region",
              "Type": "STRING"
            },
            {
              "Name": "mth8_location_type",
              "Type": "STRING"
            },
            {
              "Name": "mth8_operating_system",
              "Type": "STRING"
            },
            {
              "Name": "mth8_sp_arn",
              "Type": "STRING"
            },
            {
              "Name": "mth8_sp_rate",
              "Type": "INTEGER"
            },
            {
              "Name": "mth8_storage_class",
              "Type": "STRING"
            },
            {
              "Name": "mth8_year",
              "Type": "STRING"
            },
            {
              "Name": "mth8_month",
              "Type": "STRING"
            },
            {
              "Name": "mth8_payer",
              "Type": "STRING"
            },
            {
              "Name": "join_8_9_payer",
              "Type": "STRING"
            },
            {
              "Name": "join_8_9_linked_acct_id",
              "Type": "STRING"
            },
            {
              "Name": "join_8_9_prod_code",
              "Type": "STRING"
            },
            {
              "Name": "join_8_9_resource_id",
              "Type": "STRING"
            },
            {
              "Name": "join_8_9_charge_type",
              "Type": "STRING"
            },
            {
              "Name": "join_8_9_operation",
              "Type": "STRING"
            },
            {
              "Name": "join_8_9_prod_family",
              "Type": "STRING"
            },
            {
              "Name": "join_8_9_inst_family",
              "Type": "STRING"
            },
            {
              "Name": "join_8_9_inst_type",
              "Type": "STRING"
            },
            {
              "Name": "join_8_9_tenancy",
              "Type": "STRING"
            },
            {
              "Name": "join_8_9_region",
              "Type": "STRING"
            },
            {
              "Name": "join_8_9_op_system",
              "Type": "STRING"
            },
            {
              "Name": "join_8_9_sp_arn",
              "Type": "STRING"
            },
            {
              "Name": "join_8_9_storage_class",
              "Type": "STRING"
            },
            {
              "Name": "mth9_bill_payer_account_id",
              "Type": "STRING"
            },
            {
              "Name": "mth9_linked_acct_id",
              "Type": "STRING"
            },
            {
              "Name": "mth9_prod_code",
              "Type": "STRING"
            },
            {
              "Name": "mth9_resource_id",
              "Type": "STRING"
            },
            {
              "Name": "mth9_description",
              "Type": "STRING"
            },
            {
              "Name": "mth9_charge_type",
              "Type": "STRING"
            },
            {
              "Name": "mth9_operation",
              "Type": "STRING"
            },
            {
              "Name": "mth9_unblended_rate",
              "Type": "DECIMAL"
            },
            {
              "Name": "mth9_instance",
              "Type": "STRING"
            },
            {
              "Name": "mth9_prod_family",
              "Type": "STRING"
            },
            {
              "Name": "mth9_instance_family",
              "Type": "STRING"
            },
            {
              "Name": "mth9_instance_type",
              "Type": "STRING"
            },
            {
              "Name": "mth9_instance_type_family",
              "Type": "STRING"
            },
            {
              "Name": "mth9_tenancy",
              "Type": "STRING"
            },
            {
              "Name": "mth9_region",
              "Type": "STRING"
            },
            {
              "Name": "mth9_location_type",
              "Type": "STRING"
            },
            {
              "Name": "mth9_operating_system",
              "Type": "STRING"
            },
            {
              "Name": "mth9_sp_arn",
              "Type": "STRING"
            },
            {
              "Name": "mth9_sp_rate",
              "Type": "INTEGER"
            },
            {
              "Name": "mth9_storage_class",
              "Type": "STRING"
            },
            {
              "Name": "mth9_year",
              "Type": "STRING"
            },
            {
              "Name": "mth9_month",
              "Type": "STRING"
            },
            {
              "Name": "mth9_payer",
              "Type": "STRING"
            },
            {
              "Name": "cur_mth_cost",
              "Type": "DECIMAL"
            },
            {
              "Name": "cur_mth_usg",
              "Type": "DECIMAL"
            },
            {
              "Name": "prev_mth_cost",
              "Type": "DECIMAL"
            },
            {
              "Name": "prev_mth_usg",
              "Type": "DECIMAL"
            },
            {
              "Name": "cost_var",
              "Type": "DECIMAL"
            },
            {
              "Name": "usg_var",
              "Type": "DECIMAL"
            },
            {
              "Name": "savings",
              "Type": "DECIMAL"
            },
            {
              "Name": "inc_cost",
              "Type": "DECIMAL"
            }
          ]
        }
      }
    },
    "LogicalTableMap": {
      "96c91fa9-4a3b-40d6-9d49-aadaf8227ce6": {
        "Alias": "join_mth_8_mth_9",
        "DataTransforms": [
          {
            "TagColumnOperation": {
              "ColumnName": "mth8_region",
              "Tags": [
                {
                  "ColumnGeographicRole": "STATE"
                }
              ]
            }
          },
          {
            "TagColumnOperation": {
              "ColumnName": "mth9_region",
              "Tags": [
                {
                  "ColumnGeographicRole": "STATE"
                }
              ]
            }
          },
          {
            "ProjectOperation": {
              "ProjectedColumns": [
                "mth8_bill_payer_account_id",
                "mth8_linked_acct_id",
                "mth8_prod_code",
                "mth8_resource_id",
                "mth8_description",
                "mth8_charge_type",
                "mth8_operation",
                "mth8_unblended_rate",
                "mth8_instance",
                "mth8_prod_family",
                "mth8_instance_family",
                "mth8_instance_type",
                "mth8_instance_type_family",
                "mth8_tenancy",
                "mth8_region",
                "mth8_location_type",
                "mth8_operating_system",
                "mth8_sp_arn",
                "mth8_sp_rate",
                "mth8_storage_class",
                "mth8_year",
                "mth8_month",
                "mth8_payer",
                "join_8_9_payer",
                "join_8_9_linked_acct_id",
                "join_8_9_prod_code",
                "join_8_9_resource_id",
                "join_8_9_charge_type",
                "join_8_9_operation",
                "join_8_9_prod_family",
                "join_8_9_inst_family",
                "join_8_9_inst_type",
                "join_8_9_tenancy",
                "join_8_9_region",
                "join_8_9_op_system",
                "join_8_9_sp_arn",
                "join_8_9_storage_class",
                "mth9_bill_payer_account_id",
                "mth9_linked_acct_id",
                "mth9_prod_code",
                "mth9_resource_id",
                "mth9_description",
                "mth9_charge_type",
                "mth9_operation",
                "mth9_unblended_rate",
                "mth9_instance",
                "mth9_prod_family",
                "mth9_instance_family",
                "mth9_instance_type",
                "mth9_instance_type_family",
                "mth9_tenancy",
                "mth9_region",
                "mth9_location_type",
                "mth9_operating_system",
                "mth9_sp_arn",
                "mth9_sp_rate",
                "mth9_storage_class",
                "mth9_year",
                "mth9_month",
                "mth9_payer",
                "cur_mth_cost",
                "cur_mth_usg",
                "prev_mth_cost",
                "prev_mth_usg",
                "cost_var",
                "usg_var",
                "savings",
                "inc_cost"
              ]
            }
          }
        ],
        "Source": {
          "PhysicalTableId": "96c91fa9-4a3b-40d6-9d49-aadaf8227ce6"
        }
      }
    },
    "ImportMode": "SPICE",
    "Permissions": [
        {
          "Principal": "${user_arn}",
          "Actions": [
            "quicksight:UpdateDataSetPermissions",
            "quicksight:DescribeDataSet",
            "quicksight:DescribeDataSetPermissions",
            "quicksight:PassDataSet",
            "quicksight:DescribeIngestion",
            "quicksight:ListIngestions",
            "quicksight:UpdateDataSet",
            "quicksight:DeleteDataSet",
            "quicksight:CreateIngestion",
            "quicksight:CancelIngestion"
          ]
        }
    ]
}