{
    "DataSetId": "81a913ee-7251-429e-bdf1-d094d175e660",
    "Name": "join_mth_3_mth_4",
    "PhysicalTableMap": {
      "4d94aa93-a31f-4562-966b-0ce3a69dbb22": {
        "RelationalTable": {
          "DataSourceArn": "${athena_datasource_arn}",
          "Catalog": "AwsDataCatalog",
          "Schema": "${athena_database_name}",
          "Name": "join_mth_3_mth_4",
          "InputColumns": [
            {
              "Name": "mth3_bill_payer_account_id",
              "Type": "STRING"
            },
            {
              "Name": "mth3_linked_acct_id",
              "Type": "STRING"
            },
            {
              "Name": "mth3_prod_code",
              "Type": "STRING"
            },
            {
              "Name": "mth3_resource_id",
              "Type": "STRING"
            },
            {
              "Name": "mth3_description",
              "Type": "STRING"
            },
            {
              "Name": "mth3_charge_type",
              "Type": "STRING"
            },
            {
              "Name": "mth3_operation",
              "Type": "STRING"
            },
            {
              "Name": "mth3_unblended_rate",
              "Type": "DECIMAL"
            },
            {
              "Name": "mth3_instance",
              "Type": "STRING"
            },
            {
              "Name": "mth3_prod_family",
              "Type": "STRING"
            },
            {
              "Name": "mth3_instance_family",
              "Type": "STRING"
            },
            {
              "Name": "mth3_instance_type",
              "Type": "STRING"
            },
            {
              "Name": "mth3_instance_type_family",
              "Type": "STRING"
            },
            {
              "Name": "mth3_tenancy",
              "Type": "STRING"
            },
            {
              "Name": "mth3_region",
              "Type": "STRING"
            },
            {
              "Name": "mth3_location_type",
              "Type": "STRING"
            },
            {
              "Name": "mth3_operating_system",
              "Type": "STRING"
            },
            {
              "Name": "mth3_sp_arn",
              "Type": "STRING"
            },
            {
              "Name": "mth3_sp_rate",
              "Type": "INTEGER"
            },
            {
              "Name": "mth3_storage_class",
              "Type": "STRING"
            },
            {
              "Name": "mth3_year",
              "Type": "STRING"
            },
            {
              "Name": "mth3_month",
              "Type": "STRING"
            },
            {
              "Name": "mth3_payer",
              "Type": "STRING"
            },
            {
              "Name": "join_3_4_payer",
              "Type": "STRING"
            },
            {
              "Name": "join_3_4_linked_acct_id",
              "Type": "STRING"
            },
            {
              "Name": "join_3_4_prod_code",
              "Type": "STRING"
            },
            {
              "Name": "join_3_4_resource_id",
              "Type": "STRING"
            },
            {
              "Name": "join_3_4_charge_type",
              "Type": "STRING"
            },
            {
              "Name": "join_3_4_operation",
              "Type": "STRING"
            },
            {
              "Name": "join_3_4_prod_family",
              "Type": "STRING"
            },
            {
              "Name": "join_3_4_inst_family",
              "Type": "STRING"
            },
            {
              "Name": "join_3_4_inst_type",
              "Type": "STRING"
            },
            {
              "Name": "join_3_4_tenancy",
              "Type": "STRING"
            },
            {
              "Name": "join_3_4_region",
              "Type": "STRING"
            },
            {
              "Name": "join_3_4_op_system",
              "Type": "STRING"
            },
            {
              "Name": "join_3_4_sp_arn",
              "Type": "STRING"
            },
            {
              "Name": "join_3_4_storage_class",
              "Type": "STRING"
            },
            {
              "Name": "mth4_bill_payer_account_id",
              "Type": "STRING"
            },
            {
              "Name": "mth4_linked_acct_id",
              "Type": "STRING"
            },
            {
              "Name": "mth4_prod_code",
              "Type": "STRING"
            },
            {
              "Name": "mth4_resource_id",
              "Type": "STRING"
            },
            {
              "Name": "mth4_description",
              "Type": "STRING"
            },
            {
              "Name": "mth4_charge_type",
              "Type": "STRING"
            },
            {
              "Name": "mth4_operation",
              "Type": "STRING"
            },
            {
              "Name": "mth4_unblended_rate",
              "Type": "DECIMAL"
            },
            {
              "Name": "mth4_instance",
              "Type": "STRING"
            },
            {
              "Name": "mth4_prod_family",
              "Type": "STRING"
            },
            {
              "Name": "mth4_instance_family",
              "Type": "STRING"
            },
            {
              "Name": "mth4_instance_type",
              "Type": "STRING"
            },
            {
              "Name": "mth4_instance_type_family",
              "Type": "STRING"
            },
            {
              "Name": "mth4_tenancy",
              "Type": "STRING"
            },
            {
              "Name": "mth4_region",
              "Type": "STRING"
            },
            {
              "Name": "mth4_location_type",
              "Type": "STRING"
            },
            {
              "Name": "mth4_operating_system",
              "Type": "STRING"
            },
            {
              "Name": "mth4_sp_arn",
              "Type": "STRING"
            },
            {
              "Name": "mth4_sp_rate",
              "Type": "INTEGER"
            },
            {
              "Name": "mth4_storage_class",
              "Type": "STRING"
            },
            {
              "Name": "mth4_year",
              "Type": "STRING"
            },
            {
              "Name": "mth4_month",
              "Type": "STRING"
            },
            {
              "Name": "mth4_payer",
              "Type": "STRING"
            },
            {
              "Name": "cur_mth_cost",
              "Type": "DECIMAL"
            },
            {
              "Name": "cur_mth_usg",
              "Type": "DECIMAL"
            },
            {
              "Name": "prev_mth_cost",
              "Type": "DECIMAL"
            },
            {
              "Name": "prev_mth_usg",
              "Type": "DECIMAL"
            },
            {
              "Name": "cost_var",
              "Type": "DECIMAL"
            },
            {
              "Name": "usg_var",
              "Type": "DECIMAL"
            },
            {
              "Name": "savings",
              "Type": "DECIMAL"
            },
            {
              "Name": "inc_cost",
              "Type": "DECIMAL"
            }
          ]
        }
      }
    },
    "LogicalTableMap": {
      "4d94aa93-a31f-4562-966b-0ce3a69dbb22": {
        "Alias": "join_mth_3_mth_4",
        "DataTransforms": [
          {
            "TagColumnOperation": {
              "ColumnName": "mth3_region",
              "Tags": [
                {
                  "ColumnGeographicRole": "STATE"
                }
              ]
            }
          },
          {
            "TagColumnOperation": {
              "ColumnName": "mth4_region",
              "Tags": [
                {
                  "ColumnGeographicRole": "STATE"
                }
              ]
            }
          },
          {
            "ProjectOperation": {
              "ProjectedColumns": [
                "mth3_bill_payer_account_id",
                "mth3_linked_acct_id",
                "mth3_prod_code",
                "mth3_resource_id",
                "mth3_description",
                "mth3_charge_type",
                "mth3_operation",
                "mth3_unblended_rate",
                "mth3_instance",
                "mth3_prod_family",
                "mth3_instance_family",
                "mth3_instance_type",
                "mth3_instance_type_family",
                "mth3_tenancy",
                "mth3_region",
                "mth3_location_type",
                "mth3_operating_system",
                "mth3_sp_arn",
                "mth3_sp_rate",
                "mth3_storage_class",
                "mth3_year",
                "mth3_month",
                "mth3_payer",
                "join_3_4_payer",
                "join_3_4_linked_acct_id",
                "join_3_4_prod_code",
                "join_3_4_resource_id",
                "join_3_4_charge_type",
                "join_3_4_operation",
                "join_3_4_prod_family",
                "join_3_4_inst_family",
                "join_3_4_inst_type",
                "join_3_4_tenancy",
                "join_3_4_region",
                "join_3_4_op_system",
                "join_3_4_sp_arn",
                "join_3_4_storage_class",
                "mth4_bill_payer_account_id",
                "mth4_linked_acct_id",
                "mth4_prod_code",
                "mth4_resource_id",
                "mth4_description",
                "mth4_charge_type",
                "mth4_operation",
                "mth4_unblended_rate",
                "mth4_instance",
                "mth4_prod_family",
                "mth4_instance_family",
                "mth4_instance_type",
                "mth4_instance_type_family",
                "mth4_tenancy",
                "mth4_region",
                "mth4_location_type",
                "mth4_operating_system",
                "mth4_sp_arn",
                "mth4_sp_rate",
                "mth4_storage_class",
                "mth4_year",
                "mth4_month",
                "mth4_payer",
                "cur_mth_cost",
                "cur_mth_usg",
                "prev_mth_cost",
                "prev_mth_usg",
                "cost_var",
                "usg_var",
                "savings",
                "inc_cost"
              ]
            }
          }
        ],
        "Source": {
          "PhysicalTableId": "4d94aa93-a31f-4562-966b-0ce3a69dbb22"
        }
      }
    },
    "ImportMode": "SPICE",
    "Permissions": [
        {
          "Principal": "${user_arn}",
          "Actions": [
            "quicksight:UpdateDataSetPermissions",
            "quicksight:DescribeDataSet",
            "quicksight:DescribeDataSetPermissions",
            "quicksight:PassDataSet",
            "quicksight:DescribeIngestion",
            "quicksight:ListIngestions",
            "quicksight:UpdateDataSet",
            "quicksight:DeleteDataSet",
            "quicksight:CreateIngestion",
            "quicksight:CancelIngestion"
          ]
        }
    ]
}