{
    "DataSetId": "c181d413-e0e5-4221-8533-098193582822",
    "Name": "join_mth_0_mth_1",
    "PhysicalTableMap": {
      "86f73af9-8abb-4c1f-be93-8a48fed0f012": {
        "RelationalTable": {
          "DataSourceArn": "${athena_datasource_arn}",
          "Catalog": "AwsDataCatalog",
          "Schema": "${athena_database_name}",
          "Name": "join_mth_0_mth_1",
          "InputColumns": [
            {
              "Name": "mth0_bill_payer_account_id",
              "Type": "STRING"
            },
            {
              "Name": "mth0_linked_acct_id",
              "Type": "STRING"
            },
            {
              "Name": "mth0_prod_code",
              "Type": "STRING"
            },
            {
              "Name": "mth0_resource_id",
              "Type": "STRING"
            },
            {
              "Name": "mth0_description",
              "Type": "STRING"
            },
            {
              "Name": "mth0_charge_type",
              "Type": "STRING"
            },
            {
              "Name": "mth0_operation",
              "Type": "STRING"
            },
            {
              "Name": "mth0_unblended_rate",
              "Type": "DECIMAL"
            },
            {
              "Name": "mth0_instance",
              "Type": "STRING"
            },
            {
              "Name": "mth0_prod_family",
              "Type": "STRING"
            },
            {
              "Name": "mth0_instance_family",
              "Type": "STRING"
            },
            {
              "Name": "mth0_instance_type",
              "Type": "STRING"
            },
            {
              "Name": "mth0_instance_type_family",
              "Type": "STRING"
            },
            {
              "Name": "mth0_tenancy",
              "Type": "STRING"
            },
            {
              "Name": "mth0_region",
              "Type": "STRING"
            },
            {
              "Name": "mth0_location_type",
              "Type": "STRING"
            },
            {
              "Name": "mth0_operating_system",
              "Type": "STRING"
            },
            {
              "Name": "mth0_sp_arn",
              "Type": "STRING"
            },
            {
              "Name": "mth0_sp_rate",
              "Type": "INTEGER"
            },
            {
              "Name": "mth0_storage_class",
              "Type": "STRING"
            },
            {
              "Name": "mth0_year",
              "Type": "STRING"
            },
            {
              "Name": "mth0_month",
              "Type": "STRING"
            },
            {
              "Name": "mth0_payer",
              "Type": "STRING"
            },
            {
              "Name": "join_0_1_payer",
              "Type": "STRING"
            },
            {
              "Name": "join_0_1_linked_acct_id",
              "Type": "STRING"
            },
            {
              "Name": "join_0_1_prod_code",
              "Type": "STRING"
            },
            {
              "Name": "join_0_1_resource_id",
              "Type": "STRING"
            },
            {
              "Name": "join_0_1_charge_type",
              "Type": "STRING"
            },
            {
              "Name": "join_0_1_operation",
              "Type": "STRING"
            },
            {
              "Name": "join_0_1_prod_family",
              "Type": "STRING"
            },
            {
              "Name": "join_0_1_inst_family",
              "Type": "STRING"
            },
            {
              "Name": "join_0_1_inst_type",
              "Type": "STRING"
            },
            {
              "Name": "join_0_1_tenancy",
              "Type": "STRING"
            },
            {
              "Name": "join_0_1_region",
              "Type": "STRING"
            },
            {
              "Name": "join_0_1_op_system",
              "Type": "STRING"
            },
            {
              "Name": "join_0_1_sp_arn",
              "Type": "STRING"
            },
            {
              "Name": "join_0_1_storage_class",
              "Type": "STRING"
            },
            {
              "Name": "mth1_bill_payer_account_id",
              "Type": "STRING"
            },
            {
              "Name": "mth1_linked_acct_id",
              "Type": "STRING"
            },
            {
              "Name": "mth1_prod_code",
              "Type": "STRING"
            },
            {
              "Name": "mth1_resource_id",
              "Type": "STRING"
            },
            {
              "Name": "mth1_description",
              "Type": "STRING"
            },
            {
              "Name": "mth1_charge_type",
              "Type": "STRING"
            },
            {
              "Name": "mth1_operation",
              "Type": "STRING"
            },
            {
              "Name": "mth1_unblended_rate",
              "Type": "DECIMAL"
            },
            {
              "Name": "mth1_instance",
              "Type": "STRING"
            },
            {
              "Name": "mth1_prod_family",
              "Type": "STRING"
            },
            {
              "Name": "mth1_instance_family",
              "Type": "STRING"
            },
            {
              "Name": "mth1_instance_type",
              "Type": "STRING"
            },
            {
              "Name": "mth1_instance_type_family",
              "Type": "STRING"
            },
            {
              "Name": "mth1_tenancy",
              "Type": "STRING"
            },
            {
              "Name": "mth1_region",
              "Type": "STRING"
            },
            {
              "Name": "mth1_location_type",
              "Type": "STRING"
            },
            {
              "Name": "mth1_operating_system",
              "Type": "STRING"
            },
            {
              "Name": "mth1_sp_arn",
              "Type": "STRING"
            },
            {
              "Name": "mth1_sp_rate",
              "Type": "INTEGER"
            },
            {
              "Name": "mth1_storage_class",
              "Type": "STRING"
            },
            {
              "Name": "mth1_year",
              "Type": "STRING"
            },
            {
              "Name": "mth1_month",
              "Type": "STRING"
            },
            {
              "Name": "mth1_payer",
              "Type": "STRING"
            },
            {
              "Name": "cur_mth_cost",
              "Type": "DECIMAL"
            },
            {
              "Name": "cur_mth_usg",
              "Type": "DECIMAL"
            },
            {
              "Name": "prev_mth_cost",
              "Type": "DECIMAL"
            },
            {
              "Name": "prev_mth_usg",
              "Type": "DECIMAL"
            },
            {
              "Name": "cost_var",
              "Type": "DECIMAL"
            },
            {
              "Name": "usg_var",
              "Type": "DECIMAL"
            },
            {
              "Name": "savings",
              "Type": "DECIMAL"
            },
            {
              "Name": "inc_cost",
              "Type": "DECIMAL"
            }
          ]
        }
      }
    },
    "LogicalTableMap": {
      "86f73af9-8abb-4c1f-be93-8a48fed0f012": {
        "Alias": "join_mth_0_mth_1",
        "DataTransforms": [
          {
            "TagColumnOperation": {
              "ColumnName": "mth0_region",
              "Tags": [
                {
                  "ColumnGeographicRole": "STATE"
                }
              ]
            }
          },
                    {
            "TagColumnOperation": {
              "ColumnName": "mth1_region",
              "Tags": [
                {
                  "ColumnGeographicRole": "STATE"
                }
              ]
            }
          },
          {
            "ProjectOperation": {
              "ProjectedColumns": [
                "mth0_bill_payer_account_id",
                "mth0_linked_acct_id",
                "mth0_prod_code",
                "mth0_resource_id",
                "mth0_description",
                "mth0_charge_type",
                "mth0_operation",
                "mth0_unblended_rate",
                "mth0_instance",
                "mth0_prod_family",
                "mth0_instance_family",
                "mth0_instance_type",
                "mth0_instance_type_family",
                "mth0_tenancy",
                "mth0_region",
                "mth0_location_type",
                "mth0_operating_system",
                "mth0_sp_arn",
                "mth0_sp_rate",
                "mth0_storage_class",
                "mth0_year",
                "mth0_month",
                "mth0_payer",
                "join_0_1_payer",
                "join_0_1_linked_acct_id",
                "join_0_1_prod_code",
                "join_0_1_resource_id",
                "join_0_1_charge_type",
                "join_0_1_operation",
                "join_0_1_prod_family",
                "join_0_1_inst_family",
                "join_0_1_inst_type",
                "join_0_1_tenancy",
                "join_0_1_region",
                "join_0_1_op_system",
                "join_0_1_sp_arn",
                "join_0_1_storage_class",
                "mth1_bill_payer_account_id",
                "mth1_linked_acct_id",
                "mth1_prod_code",
                "mth1_resource_id",
                "mth1_description",
                "mth1_charge_type",
                "mth1_operation",
                "mth1_unblended_rate",
                "mth1_instance",
                "mth1_prod_family",
                "mth1_instance_family",
                "mth1_instance_type",
                "mth1_instance_type_family",
                "mth1_tenancy",
                "mth1_region",
                "mth1_location_type",
                "mth1_operating_system",
                "mth1_sp_arn",
                "mth1_sp_rate",
                "mth1_storage_class",
                "mth1_year",
                "mth1_month",
                "mth1_payer",
                "cur_mth_cost",
                "cur_mth_usg",
                "prev_mth_cost",
                "prev_mth_usg",
                "cost_var",
                "usg_var",
                "savings",
                "inc_cost"
              ]
            }
          }
        ],
        "Source": {
          "PhysicalTableId": "86f73af9-8abb-4c1f-be93-8a48fed0f012"
        }
      }
    },
    "ImportMode": "SPICE",
    "Permissions": [
        {
          "Principal": "${user_arn}",
          "Actions": [
            "quicksight:UpdateDataSetPermissions",
            "quicksight:DescribeDataSet",
            "quicksight:DescribeDataSetPermissions",
            "quicksight:PassDataSet",
            "quicksight:DescribeIngestion",
            "quicksight:ListIngestions",
            "quicksight:UpdateDataSet",
            "quicksight:DeleteDataSet",
            "quicksight:CreateIngestion",
            "quicksight:CancelIngestion"
          ]
        }
    ]
}