{
    "DataSetId": "6380ed09-4115-4ad6-91d1-ad6a46f3b466",
    "Name": "join_mth_12_mth_13_vcpu_hours",
    "PhysicalTableMap": {
      "86f49391-7421-4c2d-b464-fc49f22eac6a": {
        "RelationalTable": {
          "DataSourceArn": "${athena_datasource_arn}",
          "Catalog": "AwsDataCatalog",
          "Schema": "${athena_database_name}",
          "Name": "join_mth_12_mth_13_vcpu_hours",
          "InputColumns": [
            {
              "Name": "mth12_bill_payer_account_id",
              "Type": "STRING"
            },
            {
              "Name": "mth12_linked_acct_id",
              "Type": "STRING"
            },
            {
              "Name": "mth12_prod_code",
              "Type": "STRING"
            },
            {
              "Name": "mth12_region",
              "Type": "STRING"
            },
            {
              "Name": "mth12_servicecode",
              "Type": "STRING"
            },
            {
              "Name": "mth12_operation",
              "Type": "STRING"
            },
            {
              "Name": "mth12_usage_type",
              "Type": "STRING"
            },
            {
              "Name": "mth12_charge_type",
              "Type": "STRING"
            },
            {
              "Name": "mth12_pricing_term",
              "Type": "STRING"
            },
            {
              "Name": "mth12_clock_speed",
              "Type": "STRING"
            },
            {
              "Name": "mth12_inst_family",
              "Type": "STRING"
            },
            {
              "Name": "mth12_instance",
              "Type": "STRING"
            },
            {
              "Name": "mth12_instance_type_family",
              "Type": "STRING"
            },
            {
              "Name": "mth12_vcpu_count",
              "Type": "INTEGER"
            },
            {
              "Name": "mth12_year",
              "Type": "STRING"
            },
            {
              "Name": "mth12_month",
              "Type": "STRING"
            },
            {
              "Name": "mth12_instance_id",
              "Type": "STRING"
            },
            {
              "Name": "mth12_instance_family",
              "Type": "STRING"
            },
            {
              "Name": "mth12_r_points",
              "Type": "INTEGER"
            },
            {
              "Name": "mth12_instance_points",
              "Type": "INTEGER"
            },
            {
              "Name": "mth13_bill_payer_account_id",
              "Type": "STRING"
            },
            {
              "Name": "mth13_linked_acct_id",
              "Type": "STRING"
            },
            {
              "Name": "mth13_prod_code",
              "Type": "STRING"
            },
            {
              "Name": "mth13_region",
              "Type": "STRING"
            },
            {
              "Name": "mth13_servicecode",
              "Type": "STRING"
            },
            {
              "Name": "mth13_operation",
              "Type": "STRING"
            },
            {
              "Name": "mth13_usage_type",
              "Type": "STRING"
            },
            {
              "Name": "mth13_charge_type",
              "Type": "STRING"
            },
            {
              "Name": "mth13_pricing_term",
              "Type": "STRING"
            },
            {
              "Name": "mth13_clock_speed",
              "Type": "STRING"
            },
            {
              "Name": "mth13_inst_family",
              "Type": "STRING"
            },
            {
              "Name": "mth13_instance",
              "Type": "STRING"
            },
            {
              "Name": "mth13_instance_type_family",
              "Type": "STRING"
            },
            {
              "Name": "mth13_vcpu_count",
              "Type": "INTEGER"
            },
            {
              "Name": "mth13_year",
              "Type": "STRING"
            },
            {
              "Name": "mth13_month",
              "Type": "STRING"
            },
            {
              "Name": "mth13_instance_id",
              "Type": "STRING"
            },
            {
              "Name": "mth13_instance_family",
              "Type": "STRING"
            },
            {
              "Name": "mth13_r_points",
              "Type": "INTEGER"
            },
            {
              "Name": "mth13_instance_points",
              "Type": "INTEGER"
            },
            {
              "Name": "cur_mth_instance_hrs",
              "Type": "DECIMAL"
            },
            {
              "Name": "cur_mth_od_cost",
              "Type": "DECIMAL"
            },
            {
              "Name": "cur_mth_sp_cost",
              "Type": "DECIMAL"
            },
            {
              "Name": "prev_mth_instance_hrs",
              "Type": "DECIMAL"
            },
            {
              "Name": "prev_mth_od_cost",
              "Type": "DECIMAL"
            },
            {
              "Name": "prev_mth_sp_cost",
              "Type": "DECIMAL"
            },
            {
              "Name": "instance_hrs_var",
              "Type": "DECIMAL"
            },
            {
              "Name": "od_cost_var",
              "Type": "DECIMAL"
            },
            {
              "Name": "sp_cost_var",
              "Type": "DECIMAL"
            },
            {
              "Name": "cur_mth_vcpu_hours",
              "Type": "DECIMAL"
            },
            {
              "Name": "cur_mth_spot_vcpu_hours",
              "Type": "DECIMAL"
            },
            {
              "Name": "cur_mth_ec2_sustainability_points",
              "Type": "DECIMAL"
            },
            {
              "Name": "cur_mth_instance_cost",
              "Type": "DECIMAL"
            },
            {
              "Name": "cur_mth_cost_per_sus_point",
              "Type": "DECIMAL"
            },
            {
              "Name": "prev_mth_vcpu_hours",
              "Type": "DECIMAL"
            },
            {
              "Name": "prev_mth_spot_vcpu_hours",
              "Type": "DECIMAL"
            },
            {
              "Name": "prev_mth_ec2_sustainability_points",
              "Type": "DECIMAL"
            },
            {
              "Name": "prev_mth_instance_cost",
              "Type": "DECIMAL"
            },
            {
              "Name": "prev_mth_cost_per_sus_point",
              "Type": "DECIMAL"
            },
            {
              "Name": "od_savings",
              "Type": "DECIMAL"
            },
            {
              "Name": "od_inc_cost",
              "Type": "DECIMAL"
            },
            {
              "Name": "sp_savings",
              "Type": "DECIMAL"
            },
            {
              "Name": "sp_inc_cost",
              "Type": "DECIMAL"
            },
            {
              "Name": "inc_vcpu_hours",
              "Type": "DECIMAL"
            },
            {
              "Name": "savings_vcpu_hours",
              "Type": "DECIMAL"
            },
            {
              "Name": "inc_spot_vcpu_hours",
              "Type": "DECIMAL"
            },
            {
              "Name": "savings_spot_vcpu_hours",
              "Type": "DECIMAL"
            },
            {
              "Name": "inc_ec2_sustainability_points",
              "Type": "DECIMAL"
            },
            {
              "Name": "savings_ec2_sustainability_points",
              "Type": "DECIMAL"
            },
            {
              "Name": "inc_instance_cost",
              "Type": "DECIMAL"
            },
            {
              "Name": "savings_instance_cost",
              "Type": "DECIMAL"
            },
            {
              "Name": "inc_cost_per_sus_point",
              "Type": "DECIMAL"
            },
            {
              "Name": "savings_cost_per_sus_point",
              "Type": "DECIMAL"
            }
          ]
        }
      }
    },
    "LogicalTableMap": {
      "86f49391-7421-4c2d-b464-fc49f22eac6a": {
        "Alias": "join_mth_12_mth_13_vcpu_hours",
        "DataTransforms": [
          {
            "TagColumnOperation": {
              "ColumnName": "mth12_region",
              "Tags": [
                {
                  "ColumnGeographicRole": "STATE"
                }
              ]
            }
          },
          {
            "TagColumnOperation": {
              "ColumnName": "mth13_region",
              "Tags": [
                {
                  "ColumnGeographicRole": "STATE"
                }
              ]
            }
          },
          {
            "ProjectOperation": {
              "ProjectedColumns": [
                "mth12_bill_payer_account_id",
                "mth12_linked_acct_id",
                "mth12_prod_code",
                "mth12_region",
                "mth12_servicecode",
                "mth12_operation",
                "mth12_usage_type",
                "mth12_charge_type",
                "mth12_pricing_term",
                "mth12_clock_speed",
                "mth12_inst_family",
                "mth12_instance",
                "mth12_instance_type_family",
                "mth12_vcpu_count",
                "mth12_year",
                "mth12_month",
                "mth12_instance_id",
                "mth12_instance_family",
                "mth12_r_points",
                "mth12_instance_points",
                "mth13_bill_payer_account_id",
                "mth13_linked_acct_id",
                "mth13_prod_code",
                "mth13_region",
                "mth13_servicecode",
                "mth13_operation",
                "mth13_usage_type",
                "mth13_charge_type",
                "mth13_pricing_term",
                "mth13_clock_speed",
                "mth13_inst_family",
                "mth13_instance",
                "mth13_instance_type_family",
                "mth13_vcpu_count",
                "mth13_year",
                "mth13_month",
                "mth13_instance_id",
                "mth13_instance_family",
                "mth13_r_points",
                "mth13_instance_points",
                "cur_mth_instance_hrs",
                "cur_mth_od_cost",
                "cur_mth_sp_cost",
                "prev_mth_instance_hrs",
                "prev_mth_od_cost",
                "prev_mth_sp_cost",
                "instance_hrs_var",
                "od_cost_var",
                "sp_cost_var",
                "cur_mth_vcpu_hours",
                "cur_mth_spot_vcpu_hours",
                "cur_mth_ec2_sustainability_points",
                "cur_mth_instance_cost",
                "cur_mth_cost_per_sus_point",
                "prev_mth_vcpu_hours",
                "prev_mth_spot_vcpu_hours",
                "prev_mth_ec2_sustainability_points",
                "prev_mth_instance_cost",
                "prev_mth_cost_per_sus_point",
                "od_savings",
                "od_inc_cost",
                "sp_savings",
                "sp_inc_cost",
                "inc_vcpu_hours",
                "savings_vcpu_hours",
                "inc_spot_vcpu_hours",
                "savings_spot_vcpu_hours",
                "inc_ec2_sustainability_points",
                "savings_ec2_sustainability_points",
                "inc_instance_cost",
                "savings_instance_cost",
                "inc_cost_per_sus_point",
                "savings_cost_per_sus_point"
              ]
            }
          }
        ],
        "Source": {
          "PhysicalTableId": "86f49391-7421-4c2d-b464-fc49f22eac6a"
        }
      }
    },
    "ImportMode": "SPICE",
    "Permissions": [
        {
          "Principal": "${user_arn}",
          "Actions": [
            "quicksight:UpdateDataSetPermissions",
            "quicksight:DescribeDataSet",
            "quicksight:DescribeDataSetPermissions",
            "quicksight:PassDataSet",
            "quicksight:DescribeIngestion",
            "quicksight:ListIngestions",
            "quicksight:UpdateDataSet",
            "quicksight:DeleteDataSet",
            "quicksight:CreateIngestion",
            "quicksight:CancelIngestion"
          ]
        }
    ]
}