{
    "DataSetId": "ea0affe3-430b-4a2a-856c-b68567c7554a",
    "Name": "join_mth_12_mth_13",
    "PhysicalTableMap": {
      "2768619b-67fc-4986-abad-b2e96edd6c88": {
        "RelationalTable": {
          "DataSourceArn": "${athena_datasource_arn}",
          "Catalog": "AwsDataCatalog",
          "Schema": "${athena_database_name}",
          "Name": "join_mth_12_mth_13",
          "InputColumns": [
            {
              "Name": "mth12_bill_payer_account_id",
              "Type": "STRING"
            },
            {
              "Name": "mth12_linked_acct_id",
              "Type": "STRING"
            },
            {
              "Name": "mth12_prod_code",
              "Type": "STRING"
            },
            {
              "Name": "mth12_resource_id",
              "Type": "STRING"
            },
            {
              "Name": "mth12_description",
              "Type": "STRING"
            },
            {
              "Name": "mth12_charge_type",
              "Type": "STRING"
            },
            {
              "Name": "mth12_operation",
              "Type": "STRING"
            },
            {
              "Name": "mth12_unblended_rate",
              "Type": "STRING"
            },
            {
              "Name": "mth12_instance",
              "Type": "STRING"
            },
            {
              "Name": "mth12_prod_family",
              "Type": "STRING"
            },
            {
              "Name": "mth12_instance_family",
              "Type": "STRING"
            },
            {
              "Name": "mth12_instance_type",
              "Type": "STRING"
            },
            {
              "Name": "mth12_instance_type_family",
              "Type": "STRING"
            },
            {
              "Name": "mth12_tenancy",
              "Type": "STRING"
            },
            {
              "Name": "mth12_region",
              "Type": "STRING"
            },
            {
              "Name": "mth12_location_type",
              "Type": "STRING"
            },
            {
              "Name": "mth12_operating_system",
              "Type": "STRING"
            },
            {
              "Name": "mth12_sp_arn",
              "Type": "STRING"
            },
            {
              "Name": "mth12_sp_rate",
              "Type": "INTEGER"
            },
            {
              "Name": "mth12_storage_class",
              "Type": "STRING"
            },
            {
              "Name": "mth12_year",
              "Type": "STRING"
            },
            {
              "Name": "mth12_month",
              "Type": "STRING"
            },
            {
              "Name": "mth12_payer",
              "Type": "STRING"
            },
            {
              "Name": "join_12_13_payer",
              "Type": "STRING"
            },
            {
              "Name": "join_12_13_linked_acct_id",
              "Type": "STRING"
            },
            {
              "Name": "join_12_13_prod_code",
              "Type": "STRING"
            },
            {
              "Name": "join_12_13_resource_id",
              "Type": "STRING"
            },
            {
              "Name": "join_12_13_charge_type",
              "Type": "STRING"
            },
            {
              "Name": "join_12_13_operation",
              "Type": "STRING"
            },
            {
              "Name": "join_12_13_prod_family",
              "Type": "STRING"
            },
            {
              "Name": "join_12_13_inst_family",
              "Type": "STRING"
            },
            {
              "Name": "join_12_13_inst_type",
              "Type": "STRING"
            },
            {
              "Name": "join_12_13_tenancy",
              "Type": "STRING"
            },
            {
              "Name": "join_12_13_region",
              "Type": "STRING"
            },
            {
              "Name": "join_12_13_op_system",
              "Type": "STRING"
            },
            {
              "Name": "join_12_13_sp_arn",
              "Type": "STRING"
            },
            {
              "Name": "join_12_13_storage_class",
              "Type": "STRING"
            },
            {
              "Name": "mth13_bill_payer_account_id",
              "Type": "STRING"
            },
            {
              "Name": "mth13_linked_acct_id",
              "Type": "STRING"
            },
            {
              "Name": "mth13_prod_code",
              "Type": "STRING"
            },
            {
              "Name": "mth13_resource_id",
              "Type": "STRING"
            },
            {
              "Name": "mth13_description",
              "Type": "STRING"
            },
            {
              "Name": "mth13_charge_type",
              "Type": "STRING"
            },
            {
              "Name": "mth13_operation",
              "Type": "STRING"
            },
            {
              "Name": "mth13_unblended_rate",
              "Type": "STRING"
            },
            {
              "Name": "mth13_instance",
              "Type": "STRING"
            },
            {
              "Name": "mth13_prod_family",
              "Type": "STRING"
            },
            {
              "Name": "mth13_instance_family",
              "Type": "STRING"
            },
            {
              "Name": "mth13_instance_type",
              "Type": "STRING"
            },
            {
              "Name": "mth13_instance_type_family",
              "Type": "STRING"
            },
            {
              "Name": "mth13_tenancy",
              "Type": "STRING"
            },
            {
              "Name": "mth13_region",
              "Type": "STRING"
            },
            {
              "Name": "mth13_location_type",
              "Type": "STRING"
            },
            {
              "Name": "mth13_operating_system",
              "Type": "STRING"
            },
            {
              "Name": "mth13_sp_arn",
              "Type": "STRING"
            },
            {
              "Name": "mth13_sp_rate",
              "Type": "INTEGER"
            },
            {
              "Name": "mth13_storage_class",
              "Type": "STRING"
            },
            {
              "Name": "mth13_year",
              "Type": "STRING"
            },
            {
              "Name": "mth13_month",
              "Type": "STRING"
            },
            {
              "Name": "mth13_payer",
              "Type": "STRING"
            },
            {
              "Name": "cur_mth_cost",
              "Type": "DECIMAL"
            },
            {
              "Name": "cur_mth_usg",
              "Type": "DECIMAL"
            },
            {
              "Name": "prev_mth_cost",
              "Type": "DECIMAL"
            },
            {
              "Name": "prev_mth_usg",
              "Type": "DECIMAL"
            },
            {
              "Name": "cost_var",
              "Type": "DECIMAL"
            },
            {
              "Name": "usg_var",
              "Type": "DECIMAL"
            },
            {
              "Name": "savings",
              "Type": "DECIMAL"
            },
            {
              "Name": "inc_cost",
              "Type": "DECIMAL"
            }
          ]
        }
      }
    },
    "LogicalTableMap": {
      "2768619b-67fc-4986-abad-b2e96edd6c88": {
        "Alias": "join_mth_12_mth_13",
        "DataTransforms": [
          {
            "TagColumnOperation": {
              "ColumnName": "mth12_region",
              "Tags": [
                {
                  "ColumnGeographicRole": "STATE"
                }
              ]
            }
          },
          {
            "TagColumnOperation": {
              "ColumnName": "mth13_region",
              "Tags": [
                {
                  "ColumnGeographicRole": "STATE"
                }
              ]
            }
          },
          {
            "ProjectOperation": {
              "ProjectedColumns": [
                "mth12_bill_payer_account_id",
                "mth12_linked_acct_id",
                "mth12_prod_code",
                "mth12_resource_id",
                "mth12_description",
                "mth12_charge_type",
                "mth12_operation",
                "mth12_unblended_rate",
                "mth12_instance",
                "mth12_prod_family",
                "mth12_instance_family",
                "mth12_instance_type",
                "mth12_instance_type_family",
                "mth12_tenancy",
                "mth12_region",
                "mth12_location_type",
                "mth12_operating_system",
                "mth12_sp_arn",
                "mth12_sp_rate",
                "mth12_storage_class",
                "mth12_year",
                "mth12_month",
                "mth12_payer",
                "join_12_13_payer",
                "join_12_13_linked_acct_id",
                "join_12_13_prod_code",
                "join_12_13_resource_id",
                "join_12_13_charge_type",
                "join_12_13_operation",
                "join_12_13_prod_family",
                "join_12_13_inst_family",
                "join_12_13_inst_type",
                "join_12_13_tenancy",
                "join_12_13_region",
                "join_12_13_op_system",
                "join_12_13_sp_arn",
                "join_12_13_storage_class",
                "mth13_bill_payer_account_id",
                "mth13_linked_acct_id",
                "mth13_prod_code",
                "mth13_resource_id",
                "mth13_description",
                "mth13_charge_type",
                "mth13_operation",
                "mth13_unblended_rate",
                "mth13_instance",
                "mth13_prod_family",
                "mth13_instance_family",
                "mth13_instance_type",
                "mth13_instance_type_family",
                "mth13_tenancy",
                "mth13_region",
                "mth13_location_type",
                "mth13_operating_system",
                "mth13_sp_arn",
                "mth13_sp_rate",
                "mth13_storage_class",
                "mth13_year",
                "mth13_month",
                "mth13_payer",
                "cur_mth_cost",
                "cur_mth_usg",
                "prev_mth_cost",
                "prev_mth_usg",
                "cost_var",
                "usg_var",
                "savings",
                "inc_cost"
              ]
            }
          }
        ],
        "Source": {
          "PhysicalTableId": "2768619b-67fc-4986-abad-b2e96edd6c88"
        }
      }
    },
    "ImportMode": "SPICE",
    "Permissions": [
        {
          "Principal": "${user_arn}",
          "Actions": [
            "quicksight:UpdateDataSetPermissions",
            "quicksight:DescribeDataSet",
            "quicksight:DescribeDataSetPermissions",
            "quicksight:PassDataSet",
            "quicksight:DescribeIngestion",
            "quicksight:ListIngestions",
            "quicksight:UpdateDataSet",
            "quicksight:DeleteDataSet",
            "quicksight:CreateIngestion",
            "quicksight:CancelIngestion"
          ]
        }
    ]
}