{
    "DataSetId": "7c8e2908-4f61-4c8f-97b2-3effd1acc9b3",
    "Name": "join_mth_5_mth_6",
    "PhysicalTableMap": {
      "b3e31fb2-30a4-499e-a5b7-61047c84b5ea": {
        "RelationalTable": {
          "DataSourceArn": "${athena_datasource_arn}",
          "Catalog": "AwsDataCatalog",
          "Schema": "${athena_database_name}",
          "Name": "join_mth_5_mth_6",
          "InputColumns": [
            {
              "Name": "mth5_bill_payer_account_id",
              "Type": "STRING"
            },
            {
              "Name": "mth5_linked_acct_id",
              "Type": "STRING"
            },
            {
              "Name": "mth5_prod_code",
              "Type": "STRING"
            },
            {
              "Name": "mth5_resource_id",
              "Type": "STRING"
            },
            {
              "Name": "mth5_description",
              "Type": "STRING"
            },
            {
              "Name": "mth5_charge_type",
              "Type": "STRING"
            },
            {
              "Name": "mth5_operation",
              "Type": "STRING"
            },
            {
              "Name": "mth5_unblended_rate",
              "Type": "DECIMAL"
            },
            {
              "Name": "mth5_instance",
              "Type": "STRING"
            },
            {
              "Name": "mth5_prod_family",
              "Type": "STRING"
            },
            {
              "Name": "mth5_instance_family",
              "Type": "STRING"
            },
            {
              "Name": "mth5_instance_type",
              "Type": "STRING"
            },
            {
              "Name": "mth5_instance_type_family",
              "Type": "STRING"
            },
            {
              "Name": "mth5_tenancy",
              "Type": "STRING"
            },
            {
              "Name": "mth5_region",
              "Type": "STRING"
            },
            {
              "Name": "mth5_location_type",
              "Type": "STRING"
            },
            {
              "Name": "mth5_operating_system",
              "Type": "STRING"
            },
            {
              "Name": "mth5_sp_arn",
              "Type": "STRING"
            },
            {
              "Name": "mth5_sp_rate",
              "Type": "INTEGER"
            },
            {
              "Name": "mth5_storage_class",
              "Type": "STRING"
            },
            {
              "Name": "mth5_year",
              "Type": "STRING"
            },
            {
              "Name": "mth5_month",
              "Type": "STRING"
            },
            {
              "Name": "mth5_payer",
              "Type": "STRING"
            },
            {
              "Name": "join_5_6_payer",
              "Type": "STRING"
            },
            {
              "Name": "join_5_6_linked_acct_id",
              "Type": "STRING"
            },
            {
              "Name": "join_5_6_prod_code",
              "Type": "STRING"
            },
            {
              "Name": "join_5_6_resource_id",
              "Type": "STRING"
            },
            {
              "Name": "join_5_6_charge_type",
              "Type": "STRING"
            },
            {
              "Name": "join_5_6_operation",
              "Type": "STRING"
            },
            {
              "Name": "join_5_6_prod_family",
              "Type": "STRING"
            },
            {
              "Name": "join_5_6_inst_family",
              "Type": "STRING"
            },
            {
              "Name": "join_5_6_inst_type",
              "Type": "STRING"
            },
            {
              "Name": "join_5_6_tenancy",
              "Type": "STRING"
            },
            {
              "Name": "join_5_6_region",
              "Type": "STRING"
            },
            {
              "Name": "join_5_6_op_system",
              "Type": "STRING"
            },
            {
              "Name": "join_5_6_sp_arn",
              "Type": "STRING"
            },
            {
              "Name": "join_5_6_storage_class",
              "Type": "STRING"
            },
            {
              "Name": "mth6_bill_payer_account_id",
              "Type": "STRING"
            },
            {
              "Name": "mth6_linked_acct_id",
              "Type": "STRING"
            },
            {
              "Name": "mth6_prod_code",
              "Type": "STRING"
            },
            {
              "Name": "mth6_resource_id",
              "Type": "STRING"
            },
            {
              "Name": "mth6_description",
              "Type": "STRING"
            },
            {
              "Name": "mth6_charge_type",
              "Type": "STRING"
            },
            {
              "Name": "mth6_operation",
              "Type": "STRING"
            },
            {
              "Name": "mth6_unblended_rate",
              "Type": "DECIMAL"
            },
            {
              "Name": "mth6_instance",
              "Type": "STRING"
            },
            {
              "Name": "mth6_prod_family",
              "Type": "STRING"
            },
            {
              "Name": "mth6_instance_family",
              "Type": "STRING"
            },
            {
              "Name": "mth6_instance_type",
              "Type": "STRING"
            },
            {
              "Name": "mth6_instance_type_family",
              "Type": "STRING"
            },
            {
              "Name": "mth6_tenancy",
              "Type": "STRING"
            },
            {
              "Name": "mth6_region",
              "Type": "STRING"
            },
            {
              "Name": "mth6_location_type",
              "Type": "STRING"
            },
            {
              "Name": "mth6_operating_system",
              "Type": "STRING"
            },
            {
              "Name": "mth6_sp_arn",
              "Type": "STRING"
            },
            {
              "Name": "mth6_sp_rate",
              "Type": "INTEGER"
            },
            {
              "Name": "mth6_storage_class",
              "Type": "STRING"
            },
            {
              "Name": "mth6_year",
              "Type": "STRING"
            },
            {
              "Name": "mth6_month",
              "Type": "STRING"
            },
            {
              "Name": "mth6_payer",
              "Type": "STRING"
            },
            {
              "Name": "cur_mth_cost",
              "Type": "DECIMAL"
            },
            {
              "Name": "cur_mth_usg",
              "Type": "DECIMAL"
            },
            {
              "Name": "prev_mth_cost",
              "Type": "DECIMAL"
            },
            {
              "Name": "prev_mth_usg",
              "Type": "DECIMAL"
            },
            {
              "Name": "cost_var",
              "Type": "DECIMAL"
            },
            {
              "Name": "usg_var",
              "Type": "DECIMAL"
            },
            {
              "Name": "savings",
              "Type": "DECIMAL"
            },
            {
              "Name": "inc_cost",
              "Type": "DECIMAL"
            }
          ]
        }
      }
    },
    "LogicalTableMap": {
      "b3e31fb2-30a4-499e-a5b7-61047c84b5ea": {
        "Alias": "join_mth_5_mth_6",
        "DataTransforms": [
          {
            "TagColumnOperation": {
              "ColumnName": "mth5_region",
              "Tags": [
                {
                  "ColumnGeographicRole": "STATE"
                }
              ]
            }
          },
          {
            "TagColumnOperation": {
              "ColumnName": "mth6_region",
              "Tags": [
                {
                  "ColumnGeographicRole": "STATE"
                }
              ]
            }
          },
          {
            "ProjectOperation": {
              "ProjectedColumns": [
                "mth5_bill_payer_account_id",
                "mth5_linked_acct_id",
                "mth5_prod_code",
                "mth5_resource_id",
                "mth5_description",
                "mth5_charge_type",
                "mth5_operation",
                "mth5_unblended_rate",
                "mth5_instance",
                "mth5_prod_family",
                "mth5_instance_family",
                "mth5_instance_type",
                "mth5_instance_type_family",
                "mth5_tenancy",
                "mth5_region",
                "mth5_location_type",
                "mth5_operating_system",
                "mth5_sp_arn",
                "mth5_sp_rate",
                "mth5_storage_class",
                "mth5_year",
                "mth5_month",
                "mth5_payer",
                "join_5_6_payer",
                "join_5_6_linked_acct_id",
                "join_5_6_prod_code",
                "join_5_6_resource_id",
                "join_5_6_charge_type",
                "join_5_6_operation",
                "join_5_6_prod_family",
                "join_5_6_inst_family",
                "join_5_6_inst_type",
                "join_5_6_tenancy",
                "join_5_6_region",
                "join_5_6_op_system",
                "join_5_6_sp_arn",
                "join_5_6_storage_class",
                "mth6_bill_payer_account_id",
                "mth6_linked_acct_id",
                "mth6_prod_code",
                "mth6_resource_id",
                "mth6_description",
                "mth6_charge_type",
                "mth6_operation",
                "mth6_unblended_rate",
                "mth6_instance",
                "mth6_prod_family",
                "mth6_instance_family",
                "mth6_instance_type",
                "mth6_instance_type_family",
                "mth6_tenancy",
                "mth6_region",
                "mth6_location_type",
                "mth6_operating_system",
                "mth6_sp_arn",
                "mth6_sp_rate",
                "mth6_storage_class",
                "mth6_year",
                "mth6_month",
                "mth6_payer",
                "cur_mth_cost",
                "cur_mth_usg",
                "prev_mth_cost",
                "prev_mth_usg",
                "cost_var",
                "usg_var",
                "savings",
                "inc_cost"
              ]
            }
          }
        ],
        "Source": {
          "PhysicalTableId": "b3e31fb2-30a4-499e-a5b7-61047c84b5ea"
        }
      }
    },
    "ImportMode": "SPICE",
    "Permissions": [
        {
          "Principal": "${user_arn}",
          "Actions": [
            "quicksight:UpdateDataSetPermissions",
            "quicksight:DescribeDataSet",
            "quicksight:DescribeDataSetPermissions",
            "quicksight:PassDataSet",
            "quicksight:DescribeIngestion",
            "quicksight:ListIngestions",
            "quicksight:UpdateDataSet",
            "quicksight:DeleteDataSet",
            "quicksight:CreateIngestion",
            "quicksight:CancelIngestion"
          ]
        }
    ]
}