{
    "DataSetId": "cfba73a3-d81c-44df-a191-eacbc0a090e0",
    "Name": "view_storage_by_class",
    "PhysicalTableMap": {
      "ad3f0f50-9d85-4d5e-a45a-2449273056a1": {
        "RelationalTable": {
          "DataSourceArn": "${athena_datasource_arn}",
          "Catalog": "AwsDataCatalog",
          "Schema": "${athena_database_name}",
          "Name": "view_storage_by_class",
          "InputColumns": [
            {
              "Name": "linked_account_id",
              "Type": "STRING"
            },
            {
              "Name": "end_date",
              "Type": "DATETIME"
            },
            {
              "Name": "resource_id",
              "Type": "STRING"
            },
            {
              "Name": "payer",
              "Type": "STRING"
            },
            {
              "Name": "charge_type",
              "Type": "STRING"
            },
            {
              "Name": "description",
              "Type": "STRING"
            },
            {
              "Name": "operation",
              "Type": "STRING"
            },
            {
              "Name": "storage_class",
              "Type": "STRING"
            },
            {
              "Name": "year",
              "Type": "STRING"
            },
            {
              "Name": "month",
              "Type": "STRING"
            },
            {
              "Name": "line_item_product_code",
              "Type": "STRING"
            },
            {
              "Name": "usage_gb",
              "Type": "DECIMAL"
            },
            {
              "Name": "unblended_cost",
              "Type": "DECIMAL"
            }
          ]
        }
      }
    },
    "LogicalTableMap": {
      "ad3f0f50-9d85-4d5e-a45a-2449273056a1": {
        "Alias": "view_storage_by_class",
        "DataTransforms": [
          {
            "ProjectOperation": {
              "ProjectedColumns": [
                "linked_account_id",
                "end_date",
                "resource_id",
                "payer",
                "charge_type",
                "description",
                "operation",
                "storage_class",
                "year",
                "month",
                "line_item_product_code",
                "usage_gb",
                "unblended_cost"
              ]
            }
          }
        ],
        "Source": {
          "PhysicalTableId": "ad3f0f50-9d85-4d5e-a45a-2449273056a1"
        }
      }
    },
    "ImportMode": "SPICE",
    "Permissions": [
        {
          "Principal": "${user_arn}",
          "Actions": [
            "quicksight:UpdateDataSetPermissions",
            "quicksight:DescribeDataSet",
            "quicksight:DescribeDataSetPermissions",
            "quicksight:PassDataSet",
            "quicksight:DescribeIngestion",
            "quicksight:ListIngestions",
            "quicksight:UpdateDataSet",
            "quicksight:DeleteDataSet",
            "quicksight:CreateIngestion",
            "quicksight:CancelIngestion"
          ]
        }
    ]
}