{
    "DataSetId": "97c104b0-0350-4837-ab1b-1f71ff199f15",
    "Name": "view_savings_plan_analysis_nosp",
    "PhysicalTableMap": {
      "4c19e20d-d02f-4450-a0ee-2d0f4818c24c": {
        "RelationalTable": {
          "DataSourceArn": "${athena_datasource_arn}",
          "Catalog": "AwsDataCatalog",
          "Schema": "${athena_database_name}",
          "Name": "view_savings_plan_analysis_nosp",
          "InputColumns": [
            {
              "Name": "end_date",
              "Type": "DATETIME"
            },
            {
              "Name": "start_date",
              "Type": "DATETIME"
            },
            {
              "Name": "resource_id",
              "Type": "STRING"
            },
            {
              "Name": "year",
              "Type": "STRING"
            },
            {
              "Name": "month",
              "Type": "STRING"
            },
            {
              "Name": "sp_rate",
              "Type": "DECIMAL"
            },
            {
              "Name": "sp_used_commitment",
              "Type": "DECIMAL"
            },
            {
              "Name": "sp_arn",
              "Type": "STRING"
            },
            {
              "Name": "charge_type",
              "Type": "STRING"
            },
            {
              "Name": "payer",
              "Type": "STRING"
            },
            {
              "Name": "linked_acct_id",
              "Type": "STRING"
            },
            {
              "Name": "product_code",
              "Type": "STRING"
            },
            {
              "Name": "instance_family",
              "Type": "STRING"
            },
            {
              "Name": "instance_type",
              "Type": "STRING"
            },
            {
              "Name": "tenancy",
              "Type": "STRING"
            },
            {
              "Name": "storage_class",
              "Type": "STRING"
            },
            {
              "Name": "region",
              "Type": "STRING"
            },
            {
              "Name": "location_type",
              "Type": "STRING"
            },
            {
              "Name": "operating_system",
              "Type": "STRING"
            },
            {
              "Name": "product_vcpu",
              "Type": "STRING"
            },
            {
              "Name": "operation",
              "Type": "STRING"
            },
            {
              "Name": "description",
              "Type": "STRING"
            },
            {
              "Name": "ondemand_rate",
              "Type": "DECIMAL"
            },
            {
              "Name": "period",
              "Type": "STRING"
            },
            {
              "Name": "pricing_term",
              "Type": "STRING"
            },
            {
              "Name": "usg_type",
              "Type": "STRING"
            },
            {
              "Name": "sp_amortised_upfront_commitment",
              "Type": "INTEGER"
            },
            {
              "Name": "sp_recurring_commitment",
              "Type": "DECIMAL"
            },
            {
              "Name": "sp_effective_cost",
              "Type": "DECIMAL"
            },
            {
              "Name": "plan_cost",
              "Type": "DECIMAL"
            },
            {
              "Name": "instance_type_family",
              "Type": "STRING"
            },
            {
              "Name": "spot_usage",
              "Type": "DECIMAL"
            },
            {
              "Name": "spot_cost",
              "Type": "DECIMAL"
            },
            {
              "Name": "ri_usage",
              "Type": "DECIMAL"
            },
            {
              "Name": "ri_cost",
              "Type": "DECIMAL"
            },
            {
              "Name": "savingsplans_usage",
              "Type": "DECIMAL"
            },
            {
              "Name": "savingsplans_cost",
              "Type": "DECIMAL"
            },
            {
              "Name": "ondemand_usage",
              "Type": "DECIMAL"
            },
            {
              "Name": "ondemand_cost",
              "Type": "DECIMAL"
            },
            {
              "Name": "savings",
              "Type": "DECIMAL"
            },
            {
              "Name": "percentage_savings",
              "Type": "DECIMAL"
            }
          ]
        }
      }
    },
    "LogicalTableMap": {
      "4c19e20d-d02f-4450-a0ee-2d0f4818c24c": {
        "Alias": "view_savings_plan_analysis_nosp",
        "DataTransforms": [
          {
            "TagColumnOperation": {
              "ColumnName": "region",
              "Tags": [
                {
                  "ColumnGeographicRole": "STATE"
                }
              ]
            }
          },
          {
            "ProjectOperation": {
              "ProjectedColumns": [
                "end_date",
                "start_date",
                "resource_id",
                "year",
                "month",
                "sp_rate",
                "sp_used_commitment",
                "sp_arn",
                "charge_type",
                "payer",
                "linked_acct_id",
                "product_code",
                "instance_family",
                "instance_type",
                "tenancy",
                "storage_class",
                "region",
                "location_type",
                "operating_system",
                "product_vcpu",
                "operation",
                "description",
                "ondemand_rate",
                "pricing_term",
                "usg_type",
                "sp_amortised_upfront_commitment",
                "sp_recurring_commitment",
                "sp_effective_cost",
                "plan_cost",
                "instance_type_family",
                "spot_usage",
                "spot_cost",
                "ri_usage",
                "ri_cost",
                "savingsplans_usage",
                "savingsplans_cost",
                "ondemand_usage",
                "ondemand_cost",
                "savings",
                "percentage_savings",
                "period"
              ]
            }
          }
        ],
        "Source": {
          "PhysicalTableId": "4c19e20d-d02f-4450-a0ee-2d0f4818c24c"
        }
      }
    },
    "ImportMode": "SPICE",
    "Permissions": [
        {
          "Principal": "${user_arn}",
          "Actions": [
            "quicksight:UpdateDataSetPermissions",
            "quicksight:DescribeDataSet",
            "quicksight:DescribeDataSetPermissions",
            "quicksight:PassDataSet",
            "quicksight:DescribeIngestion",
            "quicksight:ListIngestions",
            "quicksight:UpdateDataSet",
            "quicksight:DeleteDataSet",
            "quicksight:CreateIngestion",
            "quicksight:CancelIngestion"
          ]
        }
    ]        
}
