{
    "DataSetId": "3a6ef954-53b6-48b4-b1f2-2a128bae02d0",
    "Name": "view_s3_create_buckets",
    "PhysicalTableMap": {
      "76642b13-e92b-4bff-9d23-16d767277d69": {
        "RelationalTable": {
          "DataSourceArn": "${athena_datasource_arn}",
          "Catalog": "AwsDataCatalog",
          "Schema": "${athena_database_name}",
          "Name": "view_s3_create_buckets",
          "InputColumns": [
            {
              "Name": "bill_payer_account_id",
              "Type": "STRING"
            },
            {
              "Name": "linked_acct_id",
              "Type": "STRING"
            },
            {
              "Name": "prod_code",
              "Type": "STRING"
            },
            {
              "Name": "region",
              "Type": "STRING"
            },
            {
              "Name": "description",
              "Type": "STRING"
            },
            {
              "Name": "unblended_rate",
              "Type": "STRING"
            },
            {
              "Name": "storage_class",
              "Type": "STRING"
            },
            {
              "Name": "servicecode",
              "Type": "STRING"
            },
            {
              "Name": "operation",
              "Type": "STRING"
            },
            {
              "Name": "usage_type",
              "Type": "STRING"
            },
            {
              "Name": "charge_type",
              "Type": "STRING"
            },
            {
              "Name": "year",
              "Type": "STRING"
            },
            {
              "Name": "month",
              "Type": "STRING"
            },
            {
              "Name": "period",
              "Type": "STRING"
            },
            {
              "Name": "mth_order",
              "Type": "STRING"
            },
            {
              "Name": "bucket_id",
              "Type": "STRING"
            },
            {
              "Name": "usage",
              "Type": "DECIMAL"
            },
            {
              "Name": "bucket_cost",
              "Type": "DECIMAL"
            }
          ]
        }
      }
    },
    "LogicalTableMap": {
      "76642b13-e92b-4bff-9d23-16d767277d69": {
        "Alias": "view_s3_create_buckets",
        "DataTransforms": [
          {
            "TagColumnOperation": {
              "ColumnName": "region",
              "Tags": [
                {
                  "ColumnGeographicRole": "STATE"
                }
              ]
            }
          },
          {
            "ProjectOperation": {
              "ProjectedColumns": [
                "bill_payer_account_id",
                "linked_acct_id",
                "prod_code",
                "region",
                "description",
                "unblended_rate",
                "storage_class",
                "servicecode",
                "operation",
                "usage_type",
                "charge_type",
                "year",
                "month",
                "period",
                "mth_order",
                "bucket_id",
                "usage",
                "bucket_cost"
              ]
            }
          }
        ],
        "Source": {
          "PhysicalTableId": "76642b13-e92b-4bff-9d23-16d767277d69"
        }
      }
    },
    "ImportMode": "SPICE",
    "Permissions": [
        {
          "Principal": "${user_arn}",
          "Actions": [
            "quicksight:UpdateDataSetPermissions",
            "quicksight:DescribeDataSet",
            "quicksight:DescribeDataSetPermissions",
            "quicksight:PassDataSet",
            "quicksight:DescribeIngestion",
            "quicksight:ListIngestions",
            "quicksight:UpdateDataSet",
            "quicksight:DeleteDataSet",
            "quicksight:CreateIngestion",
            "quicksight:CancelIngestion"
          ]
        }
    ]
}