{
    "DataSetId": "167a7c85-5d7d-47b4-ae49-de9bf55109ae",
    "Name": "view_savings_plan_analysis",
    "PhysicalTableMap": {
      "1ba54332-9ac9-42d2-bcf7-eb0ca59325ca": {
        "RelationalTable": {
          "DataSourceArn": "${athena_datasource_arn}",
          "Catalog": "AwsDataCatalog",
          "Schema": "${athena_database_name}",
          "Name": "view_savings_plan_analysis",
          "InputColumns": [
            {
              "Name": "end_date",
              "Type": "DATETIME"
            },
            {
              "Name": "start_date",
              "Type": "DATETIME"
            },
            {
              "Name": "resource_id",
              "Type": "STRING"
            },
            {
              "Name": "year",
              "Type": "STRING"
            },
            {
              "Name": "month",
              "Type": "STRING"
            },
            {
              "Name": "product_gpu",
              "Type": "INTEGER"
            },
            {
              "Name": "sp_rate",
              "Type": "DECIMAL"
            },
            {
              "Name": "sp_used_commitment",
              "Type": "DECIMAL"
            },
            {
              "Name": "sp_arn",
              "Type": "STRING"
            },
            {
              "Name": "sp_start_time",
              "Type": "STRING"
            },
            {
              "Name": "sp_end_time",
              "Type": "STRING"
            },
            {
              "Name": "charge_type",
              "Type": "STRING"
            },
            {
              "Name": "payer",
              "Type": "STRING"
            },
            {
              "Name": "linked_acct_id",
              "Type": "STRING"
            },
            {
              "Name": "product_code",
              "Type": "STRING"
            },
            {
              "Name": "instance_family",
              "Type": "STRING"
            },
            {
              "Name": "instance_type",
              "Type": "STRING"
            },
            {
              "Name": "tenancy",
              "Type": "STRING"
            },
            {
              "Name": "storage_class",
              "Type": "STRING"
            },
            {
              "Name": "region",
              "Type": "STRING"
            },
            {
              "Name": "location_type",
              "Type": "STRING"
            },
            {
              "Name": "product_vcpu",
              "Type": "STRING"
            },
            {
              "Name": "operating_system",
              "Type": "STRING"
            },
            {
              "Name": "operation",
              "Type": "STRING"
            },
            {
              "Name": "description",
              "Type": "STRING"
            },
            {
              "Name": "ondemand_rate",
              "Type": "DECIMAL"
            },
            {
              "Name": "period",
              "Type": "STRING"
            },
            {
              "Name": "pricing_term",
              "Type": "STRING"
            },
            {
              "Name": "usg_type",
              "Type": "STRING"
            },
            {
              "Name": "sp_amortised_upfront_commitment",
              "Type": "INTEGER"
            },
            {
              "Name": "sp_recurring_commitment",
              "Type": "DECIMAL"
            },
            {
              "Name": "sp_effective_cost",
              "Type": "DECIMAL"
            },
            {
              "Name": "sp_plan_cost",
              "Type": "DECIMAL"
            },
            {
              "Name": "sp_region",
              "Type": "STRING"
            },
            {
              "Name": "sp_status",
              "Type": "STRING"
            },
            {
              "Name": "term_length",
              "Type": "STRING"
            },
            {
              "Name": "payment_options",
              "Type": "STRING"
            },
            {
              "Name": "sp_type",
              "Type": "STRING"
            },
            {
              "Name": "instance_type_family",
              "Type": "STRING"
            },
            {
              "Name": "spot_usage",
              "Type": "DECIMAL"
            },
            {
              "Name": "spot_cost",
              "Type": "DECIMAL"
            },
            {
              "Name": "ri_usage",
              "Type": "DECIMAL"
            },
            {
              "Name": "ri_cost",
              "Type": "DECIMAL"
            },
            {
              "Name": "savingsplans_usage",
              "Type": "DECIMAL"
            },
            {
              "Name": "savingsplans_cost",
              "Type": "DECIMAL"
            },
            {
              "Name": "ondemand_usage",
              "Type": "DECIMAL"
            },
            {
              "Name": "ondemand_cost",
              "Type": "DECIMAL"
            },
            {
              "Name": "sp_savings",
              "Type": "DECIMAL"
            },
            {
              "Name": "ondemand_sp_cost",
              "Type": "DECIMAL"
            },
            {
              "Name": "sp_percentage_savings",
              "Type": "DECIMAL"
            },
            {
              "Name": "reserved_upfront",
              "Type": "DECIMAL"
            },
            {
              "Name": "on_demand_ri_cost",
              "Type": "DECIMAL"
            },
            {
              "Name": "reserved_cost",
              "Type": "DECIMAL"
            },
            {
              "Name": "on_demand_reserved_savings",
              "Type": "DECIMAL"
            },
            {
              "Name": "reserved_arn",
              "Type": "STRING"
            },
            {
              "Name": "reserved_start_date",
              "Type": "STRING"
            },
            {
              "Name": "reserved_end_date",
              "Type": "STRING"
            }
          ]
        }
      }
    },
    "LogicalTableMap": {
      "1ba54332-9ac9-42d2-bcf7-eb0ca59325ca": {
        "Alias": "view_savings_plan_analysis",
        "DataTransforms": [
          {
            "TagColumnOperation": {
              "ColumnName": "region",
              "Tags": [
                {
                  "ColumnGeographicRole": "STATE"
                }
              ]
            }
          },
          {
            "TagColumnOperation": {
              "ColumnName": "sp_region",
              "Tags": [
                {
                  "ColumnGeographicRole": "STATE"
                }
              ]
            }
          },
          {
            "ProjectOperation": {
              "ProjectedColumns": [
                "end_date",
                "start_date",
                "resource_id",
                "year",
                "month",
                "product_gpu",
                "sp_rate",
                "sp_used_commitment",
                "sp_arn",
                "sp_start_time",
                "sp_end_time",
                "charge_type",
                "payer",
                "linked_acct_id",
                "product_code",
                "instance_family",
                "instance_type",
                "tenancy",
                "storage_class",
                "region",
                "location_type",
                "product_vcpu",
                "operating_system",
                "operation",
                "description",
                "ondemand_rate",
                "pricing_term",
                "usg_type",
                "sp_amortised_upfront_commitment",
                "sp_recurring_commitment",
                "sp_effective_cost",
                "sp_plan_cost",
                "sp_region",
                "sp_status",
                "term_length",
                "payment_options",
                "sp_type",
                "instance_type_family",
                "spot_usage",
                "spot_cost",
                "ri_usage",
                "ri_cost",
                "savingsplans_usage",
                "savingsplans_cost",
                "ondemand_usage",
                "ondemand_cost",
                "ondemand_sp_cost",
                "sp_savings",
                "reserved_upfront",
                "on_demand_ri_cost",
                "reserved_cost",
                "on_demand_reserved_savings",
                "reserved_arn",
                "reserved_start_date",
                "reserved_end_date",
                "sp_percentage_savings",
                "period"
              ]
            }
          }
        ],
        "Source": {
          "PhysicalTableId": "1ba54332-9ac9-42d2-bcf7-eb0ca59325ca"
        }
      }
    },
    "ImportMode": "SPICE",
    "Permissions": [
        {
          "Principal": "${user_arn}",
          "Actions": [
            "quicksight:UpdateDataSetPermissions",
            "quicksight:DescribeDataSet",
            "quicksight:DescribeDataSetPermissions",
            "quicksight:PassDataSet",
            "quicksight:DescribeIngestion",
            "quicksight:ListIngestions",
            "quicksight:UpdateDataSet",
            "quicksight:DeleteDataSet",
            "quicksight:CreateIngestion",
            "quicksight:CancelIngestion"
          ]
        }
    ]
}