{
    "DataSetId": "9c587fec-5508-4f81-ae1a-b4f33253f726",
    "Name": "view_transfer_data",
    "PhysicalTableMap": {
      "8241b192-bade-4f64-bad5-8df63799750e": {
        "RelationalTable": {
          "DataSourceArn": "${athena_datasource_arn}",
          "Catalog": "AwsDataCatalog",
          "Schema": "${athena_database_name}",
          "Name": "view_transfer_data",
          "InputColumns": [
            {
              "Name": "line_item_product_code",
              "Type": "STRING"
            },
            {
              "Name": "line_item_usage_account_id",
              "Type": "STRING"
            },
            {
              "Name": "date_line_item_usage_start_date",
              "Type": "STRING"
            },
            {
              "Name": "line_item_usage_type",
              "Type": "STRING"
            },
            {
              "Name": "product_from_location",
              "Type": "STRING"
            },
            {
              "Name": "product_to_location",
              "Type": "STRING"
            },
            {
              "Name": "product_product_family",
              "Type": "STRING"
            },
            {
              "Name": "line_item_resource_id",
              "Type": "STRING"
            },
            {
              "Name": "bill_billing_period_start_date",
              "Type": "DATETIME"
            },
            {
              "Name": "product_transfer_type",
              "Type": "STRING"
            },
            {
              "Name": "product_to_location_type",
              "Type": "STRING"
            },
            {
              "Name": "product_from_location_type",
              "Type": "STRING"
            },
            {
              "Name": "year",
              "Type": "STRING"
            },
            {
              "Name": "month",
              "Type": "STRING"
            },
            {
              "Name": "line_item_line_item_type",
              "Type": "STRING"
            },
            {
              "Name": "line_item_operation",
              "Type": "STRING"
            },
            {
              "Name": "line_item_line_item_description",
              "Type": "STRING"
            },
            {
              "Name": "bill_payer_account_id",
              "Type": "STRING"
            },
            {
              "Name": "sum_line_item_usage_amount",
              "Type": "DECIMAL"
            },
            {
              "Name": "sum_line_item_unblended_cost",
              "Type": "DECIMAL"
            }
          ]
        }
      }
    },
    "LogicalTableMap": {
      "8241b192-bade-4f64-bad5-8df63799750e": {
        "Alias": "view_transfer_data",
        "DataTransforms": [
          {
            "ProjectOperation": {
              "ProjectedColumns": [
                "line_item_product_code",
                "line_item_usage_account_id",
                "date_line_item_usage_start_date",
                "line_item_usage_type",
                "product_from_location",
                "product_to_location",
                "product_product_family",
                "line_item_resource_id",
                "bill_billing_period_start_date",
                "product_transfer_type",
                "product_to_location_type",
                "product_from_location_type",
                "year",
                "month",
                "line_item_line_item_type",
                "line_item_operation",
                "line_item_line_item_description",
                "bill_payer_account_id",
                "sum_line_item_usage_amount",
                "sum_line_item_unblended_cost"
              ]
            }
          }
        ],
        "Source": {
          "PhysicalTableId": "8241b192-bade-4f64-bad5-8df63799750e"
        }
      }
    },
    "ImportMode": "SPICE",
    "Permissions": [
        {
          "Principal": "${user_arn}",
          "Actions": [
            "quicksight:UpdateDataSetPermissions",
            "quicksight:DescribeDataSet",
            "quicksight:DescribeDataSetPermissions",
            "quicksight:PassDataSet",
            "quicksight:DescribeIngestion",
            "quicksight:ListIngestions",
            "quicksight:UpdateDataSet",
            "quicksight:DeleteDataSet",
            "quicksight:CreateIngestion",
            "quicksight:CancelIngestion"
          ]
        }
    ]
}